"PLCStartAddress(Dec)","MCUStartAddress(Dec)","MCUStartAddress(Hex)","Length","Od_Index","Od_Subindex","Od_DataType","Od_Name","Od_Access","Od_Description"
2,1,1,1,"0x3002",0,"UNS8","EncodeType","RW","编码器1类型"
3,2,2,1,"0x3004",0,"UNS8","CommType","RW","通讯类型"
4,3,3,1,"0x3005",0,"UNS8","MotorShowState","RO","电机运行状态"
5,4,4,1,"0x3006",0,"UNS8","EncodeState","RO","编码器1当前状态"
6,5,5,1,"0x3007",0,"UNS8","HallState","RO","霍尔状态"
7,6,6,1,"0x3008",0,"UNS8","IndetifyState","RO","辨识状态"
9,8,8,2,"0x3502",0,"UNS32","FixCurrentFre","RW","辨识电流频率"
11,10,"A",2,"0x3503",0,"UNS32","FixCurrentAmp","RW","辨识电流幅度相对值"
13,12,"C",2,"0x3504",0,"UNS32","FixMacFre","RW","机械辨识电机频率"
15,14,"E",2,"0x3505",0,"UNS32","FixMacSpeed","RW","机械辨识电机速度相对值"
17,16,10,2,"0x3506",0,"UNS32","FixMacCurrent","RW","机械辨识电流幅度相对值"
19,18,12,2,"0x3507",0,"INTEGER32","FixMacPosP","RW","机械辨识位置限制最大值"
21,20,14,2,"0x3508",0,"INTEGER32","FixMacPosN","RW","机械辨识位置限制最小值"
23,22,16,2,"0x3509",0,"UNS32","PosBandwidth","RW","位置环带宽设计值"
25,24,18,2,"0x350A",0,"UNS32","CurrentBandwidth","RW","电流控制器增益"
27,26,"1A",2,"0x350F",,"UNS32","TestAmp","RW",
29,28,"1C",2,"0x3510",0,"UNS32","TestFre","RW",
31,30,"1E",2,"0x3511",0,"UNS32","SpeedFeedForward","RW","位置速度前馈"
33,32,20,2,"0x3512",0,"UNS32","AccFeedForward","RW","位置加速度前馈"
35,34,22,2,"0x3513",0,"UNS32","Inductance","RW","电机相间电感"
37,36,24,2,"0x3514",0,"UNS32","Resistance","RW","电机相间电阻"
39,38,26,2,"0x3515",0,"UNS32","PolarPositives","RW","电机极对数（旋转电机）"
41,40,28,2,"0x3516",0,"UNS32","Inertia","RW","电机转子惯量（旋转电机）"
43,42,"2A",2,"0x3517",0,"INTEGER32","Damping","RW","电机速度阻尼系数"
45,44,"2C",2,"0x3518",0,"UNS32","Magnetic","RW","电机磁链"
47,46,"2E",2,"0x3519",0,"UNS32","CanOpenBaudrate","RW","CAN通讯波特率"
48,47,"2F",1,"0x351A",0,"UNS8","CanOpenId","RW","CAN节点ID"
50,49,31,2,"0x351E",0,"INTEGER32","CurSpeedError","RO","负载端速度误差值"
52,51,33,2,"0x351F",0,"INTEGER32","CurCurrentError","RO","电流误差值"
54,53,35,2,"0x3521",0,"INTEGER32","DeviceTemp","RO","驱动器温度"
56,55,37,2,"0x3524",0,"UNS32","MaxCurrentTime","RW","电机过载电流持续时间"
58,57,39,2,"0x3525",0,"UNS32","MotorBlockTimer","RW","电机堵转检测阈值时间"
60,59,"3B",2,"0x3526",0,"UNS32","HardwareVolMaxLimit","RW",
62,61,"3D",2,"0x3527",0,"UNS32","HardwareVolMinLimit","RW",
64,63,"3F",2,"0x3528",0,"UNS32","HardwareCurMaxLimit","RW","电机峰值电流"
66,65,41,2,"0x3529",0,"INTEGER32","MotorTemp","RO","电机温度"
68,67,43,2,"0x3530",0,"UNS32","SpeedObserveBandwith","RW","速度观测器带宽"
70,69,45,2,"0x3531",0,"UNS32","StaticFriction","RW","静摩擦对应的力矩电流"
71,70,46,1,"0x3532",0,"UNS8","CiaHallType","RW","霍尔类型"
73,72,48,2,"0x3533",0,"UNS32","TorqueConstant","RW","电机转矩常数（旋转电机）"
75,74,"4A",2,"0x3534",0,"UNS32","SmoothFactor","RW","平滑系数"
76,75,"4B",1,"0x3535",0,"UNS8","PositionLimitEnable","RW","应用位置限制开关"
77,76,"4C",1,"0x3536",0,"UNS8","SpeedMaxLimitEnable","RW","过速检测开关"
78,77,"4D",1,"0x3537",0,"UNS8","OutLoopEncoderType","RW","编码器2类型"
80,79,"4F",2,"0x3538",0,"UNS32","OutLoopEncoderResolution","RW","编码器2单圈有效分辨率脉冲数"
81,80,50,1,"0x3539",0,"UNS8","STO1Enable","RW","STO功能开关"
83,82,52,2,"0x353A",0,"INTEGER32","DeviceMaxTemp","RW","驱动器高温报错阈值"
85,84,54,2,"0x353B",0,"INTEGER32","DeviceMinTemp","RW","驱动器低温报错阈值"
87,86,56,2,"0x353C",0,"INTEGER32","MotorMaxTemp","RW","电机高温报错阈值"
89,88,58,2,"0x353D",0,"INTEGER32","DeviceWarningTemp","RW","驱动器高温警告阈值"
91,90,"5A",2,"0x353E",0,"UNS32","Encoder1MulRes","RW","编码器1多圈硬件分辨率脉冲数"
93,92,"5C",2,"0x353F",0,"UNS32","Encoder2MulRes","RW","编码器2多圈硬件分辨率脉冲数"
95,94,"5E",2,"0x3540",0,"UNS32","Encoder1Baudrate","RW","编码器1通讯波特率"
97,96,60,2,"0x3541",0,"UNS32","Encoder2Baudrate","RW","编码器2通讯波特率"
98,97,61,1,"0x3542",0,"UNS8","Encoder1Zerobits","RW","编码器1通讯零位"
99,98,62,1,"0x3543",0,"UNS8","Encoder2Zerobits","RW","编码器2通讯零位"
100,99,63,1,"0x3544",0,"UNS8","PSWProtectEnable","RW","正极限开关检测开关"
101,100,64,1,"0x3545",0,"UNS8","NSWProtectEnable","RW","负极限开关检测开关"
102,101,65,1,"0x3546",0,"UNS8","RepetitiveEnable","RW",
104,103,67,2,"0x3547",0,"INTEGER32","TargetPositionBuff[129]","RW","目标位置缓存"
106,105,69,2,"0x3547",1,"INTEGER32","TargetPositionBuff[129]","RW","目标位置缓存"
108,107,"6B",2,"0x3547",2,"INTEGER32","TargetPositionBuff[129]","RW","目标位置缓存"
110,109,"6D",2,"0x3547",3,"INTEGER32","TargetPositionBuff[129]","RW","目标位置缓存"
112,111,"6F",2,"0x3547",4,"INTEGER32","TargetPositionBuff[129]","RW","目标位置缓存"
114,113,71,2,"0x3547",5,"INTEGER32","TargetPositionBuff[129]","RW","目标位置缓存"
116,115,73,2,"0x3547",6,"INTEGER32","TargetPositionBuff[129]","RW","目标位置缓存"
118,117,75,2,"0x3547",7,"INTEGER32","TargetPositionBuff[129]","RW","目标位置缓存"
120,119,77,2,"0x3547",8,"INTEGER32","TargetPositionBuff[129]","RW","目标位置缓存"
122,121,79,2,"0x3547",9,"INTEGER32","TargetPositionBuff[129]","RW","目标位置缓存"
124,123,"7B",2,"0x3547",10,"INTEGER32","TargetPositionBuff[129]","RW","目标位置缓存"
126,125,"7D",2,"0x3547",11,"INTEGER32","TargetPositionBuff[129]","RW","目标位置缓存"
128,127,"7F",2,"0x3547",12,"INTEGER32","TargetPositionBuff[129]","RW","目标位置缓存"
130,129,81,2,"0x3547",13,"INTEGER32","TargetPositionBuff[129]","RW","目标位置缓存"
132,131,83,2,"0x3547",14,"INTEGER32","TargetPositionBuff[129]","RW","目标位置缓存"
134,133,85,2,"0x3547",15,"INTEGER32","TargetPositionBuff[129]","RW","目标位置缓存"
136,135,87,2,"0x3547",16,"INTEGER32","TargetPositionBuff[129]","RW","目标位置缓存"
138,137,89,2,"0x3547",17,"INTEGER32","TargetPositionBuff[129]","RW","目标位置缓存"
140,139,"8B",2,"0x3547",18,"INTEGER32","TargetPositionBuff[129]","RW","目标位置缓存"
142,141,"8D",2,"0x3547",19,"INTEGER32","TargetPositionBuff[129]","RW","目标位置缓存"
144,143,"8F",2,"0x3547",20,"INTEGER32","TargetPositionBuff[129]","RW","目标位置缓存"
146,145,91,2,"0x3547",21,"INTEGER32","TargetPositionBuff[129]","RW","目标位置缓存"
148,147,93,2,"0x3547",22,"INTEGER32","TargetPositionBuff[129]","RW","目标位置缓存"
150,149,95,2,"0x3547",23,"INTEGER32","TargetPositionBuff[129]","RW","目标位置缓存"
152,151,97,2,"0x3547",24,"INTEGER32","TargetPositionBuff[129]","RW","目标位置缓存"
154,153,99,2,"0x3547",25,"INTEGER32","TargetPositionBuff[129]","RW","目标位置缓存"
156,155,"9B",2,"0x3547",26,"INTEGER32","TargetPositionBuff[129]","RW","目标位置缓存"
158,157,"9D",2,"0x3547",27,"INTEGER32","TargetPositionBuff[129]","RW","目标位置缓存"
160,159,"9F",2,"0x3547",28,"INTEGER32","TargetPositionBuff[129]","RW","目标位置缓存"
162,161,"A1",2,"0x3547",29,"INTEGER32","TargetPositionBuff[129]","RW","目标位置缓存"
164,163,"A3",2,"0x3547",30,"INTEGER32","TargetPositionBuff[129]","RW","目标位置缓存"
166,165,"A5",2,"0x3547",31,"INTEGER32","TargetPositionBuff[129]","RW","目标位置缓存"
168,167,"A7",2,"0x3547",32,"INTEGER32","TargetPositionBuff[129]","RW","目标位置缓存"
170,169,"A9",2,"0x3547",33,"INTEGER32","TargetPositionBuff[129]","RW","目标位置缓存"
172,171,"AB",2,"0x3547",34,"INTEGER32","TargetPositionBuff[129]","RW","目标位置缓存"
174,173,"AD",2,"0x3547",35,"INTEGER32","TargetPositionBuff[129]","RW","目标位置缓存"
176,175,"AF",2,"0x3547",36,"INTEGER32","TargetPositionBuff[129]","RW","目标位置缓存"
178,177,"B1",2,"0x3547",37,"INTEGER32","TargetPositionBuff[129]","RW","目标位置缓存"
180,179,"B3",2,"0x3547",38,"INTEGER32","TargetPositionBuff[129]","RW","目标位置缓存"
182,181,"B5",2,"0x3547",39,"INTEGER32","TargetPositionBuff[129]","RW","目标位置缓存"
184,183,"B7",2,"0x3547",40,"INTEGER32","TargetPositionBuff[129]","RW","目标位置缓存"
186,185,"B9",2,"0x3547",41,"INTEGER32","TargetPositionBuff[129]","RW","目标位置缓存"
188,187,"BB",2,"0x3547",42,"INTEGER32","TargetPositionBuff[129]","RW","目标位置缓存"
190,189,"BD",2,"0x3547",43,"INTEGER32","TargetPositionBuff[129]","RW","目标位置缓存"
192,191,"BF",2,"0x3547",44,"INTEGER32","TargetPositionBuff[129]","RW","目标位置缓存"
194,193,"C1",2,"0x3547",45,"INTEGER32","TargetPositionBuff[129]","RW","目标位置缓存"
196,195,"C3",2,"0x3547",46,"INTEGER32","TargetPositionBuff[129]","RW","目标位置缓存"
198,197,"C5",2,"0x3547",47,"INTEGER32","TargetPositionBuff[129]","RW","目标位置缓存"
200,199,"C7",2,"0x3547",48,"INTEGER32","TargetPositionBuff[129]","RW","目标位置缓存"
202,201,"C9",2,"0x3547",49,"INTEGER32","TargetPositionBuff[129]","RW","目标位置缓存"
204,203,"CB",2,"0x3547",50,"INTEGER32","TargetPositionBuff[129]","RW","目标位置缓存"
206,205,"CD",2,"0x3547",51,"INTEGER32","TargetPositionBuff[129]","RW","目标位置缓存"
208,207,"CF",2,"0x3547",52,"INTEGER32","TargetPositionBuff[129]","RW","目标位置缓存"
210,209,"D1",2,"0x3547",53,"INTEGER32","TargetPositionBuff[129]","RW","目标位置缓存"
212,211,"D3",2,"0x3547",54,"INTEGER32","TargetPositionBuff[129]","RW","目标位置缓存"
214,213,"D5",2,"0x3547",55,"INTEGER32","TargetPositionBuff[129]","RW","目标位置缓存"
216,215,"D7",2,"0x3547",56,"INTEGER32","TargetPositionBuff[129]","RW","目标位置缓存"
218,217,"D9",2,"0x3547",57,"INTEGER32","TargetPositionBuff[129]","RW","目标位置缓存"
220,219,"DB",2,"0x3547",58,"INTEGER32","TargetPositionBuff[129]","RW","目标位置缓存"
222,221,"DD",2,"0x3547",59,"INTEGER32","TargetPositionBuff[129]","RW","目标位置缓存"
224,223,"DF",2,"0x3547",60,"INTEGER32","TargetPositionBuff[129]","RW","目标位置缓存"
226,225,"E1",2,"0x3547",61,"INTEGER32","TargetPositionBuff[129]","RW","目标位置缓存"
228,227,"E3",2,"0x3547",62,"INTEGER32","TargetPositionBuff[129]","RW","目标位置缓存"
230,229,"E5",2,"0x3547",63,"INTEGER32","TargetPositionBuff[129]","RW","目标位置缓存"
232,231,"E7",2,"0x3547",64,"INTEGER32","TargetPositionBuff[129]","RW","目标位置缓存"
234,233,"E9",2,"0x3547",65,"INTEGER32","TargetPositionBuff[129]","RW","目标位置缓存"
236,235,"EB",2,"0x3547",66,"INTEGER32","TargetPositionBuff[129]","RW","目标位置缓存"
238,237,"ED",2,"0x3547",67,"INTEGER32","TargetPositionBuff[129]","RW","目标位置缓存"
240,239,"EF",2,"0x3547",68,"INTEGER32","TargetPositionBuff[129]","RW","目标位置缓存"
242,241,"F1",2,"0x3547",69,"INTEGER32","TargetPositionBuff[129]","RW","目标位置缓存"
244,243,"F3",2,"0x3547",70,"INTEGER32","TargetPositionBuff[129]","RW","目标位置缓存"
246,245,"F5",2,"0x3547",71,"INTEGER32","TargetPositionBuff[129]","RW","目标位置缓存"
248,247,"F7",2,"0x3547",72,"INTEGER32","TargetPositionBuff[129]","RW","目标位置缓存"
250,249,"F9",2,"0x3547",73,"INTEGER32","TargetPositionBuff[129]","RW","目标位置缓存"
252,251,"FB",2,"0x3547",74,"INTEGER32","TargetPositionBuff[129]","RW","目标位置缓存"
254,253,"FD",2,"0x3547",75,"INTEGER32","TargetPositionBuff[129]","RW","目标位置缓存"
256,255,"FF",2,"0x3547",76,"INTEGER32","TargetPositionBuff[129]","RW","目标位置缓存"
258,257,101,2,"0x3547",77,"INTEGER32","TargetPositionBuff[129]","RW","目标位置缓存"
260,259,103,2,"0x3547",78,"INTEGER32","TargetPositionBuff[129]","RW","目标位置缓存"
262,261,105,2,"0x3547",79,"INTEGER32","TargetPositionBuff[129]","RW","目标位置缓存"
264,263,107,2,"0x3547",80,"INTEGER32","TargetPositionBuff[129]","RW","目标位置缓存"
266,265,109,2,"0x3547",81,"INTEGER32","TargetPositionBuff[129]","RW","目标位置缓存"
268,267,"10B",2,"0x3547",82,"INTEGER32","TargetPositionBuff[129]","RW","目标位置缓存"
270,269,"10D",2,"0x3547",83,"INTEGER32","TargetPositionBuff[129]","RW","目标位置缓存"
272,271,"10F",2,"0x3547",84,"INTEGER32","TargetPositionBuff[129]","RW","目标位置缓存"
274,273,111,2,"0x3547",85,"INTEGER32","TargetPositionBuff[129]","RW","目标位置缓存"
276,275,113,2,"0x3547",86,"INTEGER32","TargetPositionBuff[129]","RW","目标位置缓存"
278,277,115,2,"0x3547",87,"INTEGER32","TargetPositionBuff[129]","RW","目标位置缓存"
280,279,117,2,"0x3547",88,"INTEGER32","TargetPositionBuff[129]","RW","目标位置缓存"
282,281,119,2,"0x3547",89,"INTEGER32","TargetPositionBuff[129]","RW","目标位置缓存"
284,283,"11B",2,"0x3547",90,"INTEGER32","TargetPositionBuff[129]","RW","目标位置缓存"
286,285,"11D",2,"0x3547",91,"INTEGER32","TargetPositionBuff[129]","RW","目标位置缓存"
288,287,"11F",2,"0x3547",92,"INTEGER32","TargetPositionBuff[129]","RW","目标位置缓存"
290,289,121,2,"0x3547",93,"INTEGER32","TargetPositionBuff[129]","RW","目标位置缓存"
292,291,123,2,"0x3547",94,"INTEGER32","TargetPositionBuff[129]","RW","目标位置缓存"
294,293,125,2,"0x3547",95,"INTEGER32","TargetPositionBuff[129]","RW","目标位置缓存"
296,295,127,2,"0x3547",96,"INTEGER32","TargetPositionBuff[129]","RW","目标位置缓存"
298,297,129,2,"0x3547",97,"INTEGER32","TargetPositionBuff[129]","RW","目标位置缓存"
300,299,"12B",2,"0x3547",98,"INTEGER32","TargetPositionBuff[129]","RW","目标位置缓存"
302,301,"12D",2,"0x3547",99,"INTEGER32","TargetPositionBuff[129]","RW","目标位置缓存"
304,303,"12F",2,"0x3547",100,"INTEGER32","TargetPositionBuff[129]","RW","目标位置缓存"
306,305,131,2,"0x3547",101,"INTEGER32","TargetPositionBuff[129]","RW","目标位置缓存"
308,307,133,2,"0x3547",102,"INTEGER32","TargetPositionBuff[129]","RW","目标位置缓存"
310,309,135,2,"0x3547",103,"INTEGER32","TargetPositionBuff[129]","RW","目标位置缓存"
312,311,137,2,"0x3547",104,"INTEGER32","TargetPositionBuff[129]","RW","目标位置缓存"
314,313,139,2,"0x3547",105,"INTEGER32","TargetPositionBuff[129]","RW","目标位置缓存"
316,315,"13B",2,"0x3547",106,"INTEGER32","TargetPositionBuff[129]","RW","目标位置缓存"
318,317,"13D",2,"0x3547",107,"INTEGER32","TargetPositionBuff[129]","RW","目标位置缓存"
320,319,"13F",2,"0x3547",108,"INTEGER32","TargetPositionBuff[129]","RW","目标位置缓存"
322,321,141,2,"0x3547",109,"INTEGER32","TargetPositionBuff[129]","RW","目标位置缓存"
324,323,143,2,"0x3547",110,"INTEGER32","TargetPositionBuff[129]","RW","目标位置缓存"
326,325,145,2,"0x3547",111,"INTEGER32","TargetPositionBuff[129]","RW","目标位置缓存"
328,327,147,2,"0x3547",112,"INTEGER32","TargetPositionBuff[129]","RW","目标位置缓存"
330,329,149,2,"0x3547",113,"INTEGER32","TargetPositionBuff[129]","RW","目标位置缓存"
332,331,"14B",2,"0x3547",114,"INTEGER32","TargetPositionBuff[129]","RW","目标位置缓存"
334,333,"14D",2,"0x3547",115,"INTEGER32","TargetPositionBuff[129]","RW","目标位置缓存"
336,335,"14F",2,"0x3547",116,"INTEGER32","TargetPositionBuff[129]","RW","目标位置缓存"
338,337,151,2,"0x3547",117,"INTEGER32","TargetPositionBuff[129]","RW","目标位置缓存"
340,339,153,2,"0x3547",118,"INTEGER32","TargetPositionBuff[129]","RW","目标位置缓存"
342,341,155,2,"0x3547",119,"INTEGER32","TargetPositionBuff[129]","RW","目标位置缓存"
344,343,157,2,"0x3547",120,"INTEGER32","TargetPositionBuff[129]","RW","目标位置缓存"
346,345,159,2,"0x3547",121,"INTEGER32","TargetPositionBuff[129]","RW","目标位置缓存"
348,347,"15B",2,"0x3547",122,"INTEGER32","TargetPositionBuff[129]","RW","目标位置缓存"
350,349,"15D",2,"0x3547",123,"INTEGER32","TargetPositionBuff[129]","RW","目标位置缓存"
352,351,"15F",2,"0x3547",124,"INTEGER32","TargetPositionBuff[129]","RW","目标位置缓存"
354,353,161,2,"0x3547",125,"INTEGER32","TargetPositionBuff[129]","RW","目标位置缓存"
356,355,163,2,"0x3547",126,"INTEGER32","TargetPositionBuff[129]","RW","目标位置缓存"
358,357,165,2,"0x3547",127,"INTEGER32","TargetPositionBuff[129]","RW","目标位置缓存"
360,359,167,2,"0x3547",128,"INTEGER32","TargetPositionBuff[129]","RW","目标位置缓存"
362,361,169,2,"0x3547",129,"INTEGER32","TargetPositionBuff[129]","RW","目标位置缓存"
364,363,"16B",2,"0x3548",0,"UNS32","TargetPostionBuffNum","RW","目标位置缓存个数"
366,365,"16D",2,"0x3549",0,"UNS32","InertiaAdaptiveGain","RW","惯量自适应增益"
368,367,"16F",2,"0x354A",0,"UNS32","InertiaAdaptiveLPFHZ","RW","惯量自适应低通滤波截止频率"
370,369,171,2,"0x354B",0,"UNS32","NumberOfPhaseIIT","RW",
371,370,172,1,"0x354C",0,"UNS8","Encoder1Ackbits","RW","编码器1应答位数"
372,371,173,1,"0x354D",0,"UNS8","Encoder1ErrorWarnBits","RW","编码器1错误警告位数"
373,372,174,1,"0x354E",0,"UNS8","Encoder1CrcBits","RW","编码器1CRC校验位数"
375,374,176,2,"0x354F",0,"UNS32","Encoder1CrcPoly","RW","编码器1CRC校验多项式"
376,375,177,1,"0x3550",0,"UNS8","Encoder1ErrorActiveLevel","RW","编码器1错误应答电平"
377,376,178,1,"0x3551",0,"UNS8","Encoder1SensorDataPresentation","RW","编码器1数据编码格式"
378,377,179,1,"0x3552",0,"UNS8","Encoder2Ackbits","RW","编码器2应答位数"
379,378,"17A",1,"0x3553",0,"UNS8","Encoder2ErrorWarnBits","RW","编码器2错误警告位数"
380,379,"17B",1,"0x3554",0,"UNS8","Encoder2CrcBits","RW","编码器2CRC校验位数"
382,381,"17D",2,"0x3555",0,"UNS32","Encoder2CrcPoly","RW","编码器2CRC校验多项式"
383,382,"17E",1,"0x3556",0,"UNS8","Encoder2ErrorActiveLevel","RW","编码器2错误应答电平"
384,383,"17F",1,"0x3557",0,"UNS8","Encoder2SensorDataPresentation","RW","编码器2数据编码格式"
386,385,181,2,"0x3558",0,"UNS32","SpeedMeasurementCycle","RW",
387,386,182,1,"0x3559",0,"UNS8","TRCEnable","RW","转矩脉动补偿开关"
388,387,183,1,"0x355A",0,"UNS8","FCEnable","RW","摩擦补偿开关"
390,389,185,2,"0x355B",0,"UNS32","PolePairsIdElecCycles","RW","极对数辨识运行电周期数"
392,391,187,2,"0x355C",0,"UNS32","PolePairsIdWaitTime","RW","极对数辨识等待稳定时间"
394,393,189,2,"0x355D",0,"UNS32","DirctionIdDistance","RW","方向辨识距离"
395,394,"18A",1,"0x355E",0,"UNS8","FlashStorageStatus","RO","Flash存储状态"
397,396,"18C",2,"0x355F",0,"UNS32","CurrentLoopFrq","RW","电流环运行频率"
399,398,"18E",2,"0x3560",0,"UNS32","PositionLoopFrq","RW","位置环运行频率"
401,400,190,2,"0x3561",0,"UNS32","InterfaceBoardVersionHW","RO","接口板硬件版本号"
403,402,192,2,"0x3562",0,"UNS32","InterfaceBoardVersionSW","RO","接口板软件版本号"
405,404,194,2,"0x3563",0,"UNS32","DriverBoardVersionHW","RO","驱动板硬件版本号"
407,406,196,2,"0x3564",0,"UNS32","DriverBoardVersionSW","RO","驱动板软件版本号"
409,408,198,2,"0x3565",0,"UNS32","HomingStallTime","RW","回零检测堵转时间"
411,410,"19A",2,"0x3566",0,"UNS32","AbsEncoderErrorDetectWin","RW","串行通信编码器错误计数时间窗口"
413,412,"19C",2,"0x3567",0,"UNS32","HallErrorDetectWin","RW","霍尔累计错误计数时间"
415,414,"19E",2,"0x3568",0,"INTEGER32","ZPhaseDetectError","RO","Z 相位检测误差"
416,415,"19F",1,"0x3569",0,"UNS8","FPCtlEnable","RW",
418,417,"1A1",2,"0x356A",0,"UNS32","FPCtlMaxForce","RW",
420,419,"1A3",2,"0x356B",0,"UNS32","FPCtlForceSlope","RW",
422,421,"1A5",2,"0x356C",0,"UNS32","FPCtlMinForce","RW",
423,422,"1A6",1,"0x356D",0,"UNS8","FVCtlEnable","RW",
425,424,"1A8",2,"0x356E",0,"UNS32","FVCtlMaxForce","RW",
427,426,"1AA",2,"0x356F",0,"UNS32","FVCtlForceSlope","RW",
429,428,"1AC",2,"0x3570",0,"UNS32","FVCtlMinForce","RW",
431,430,"1AE",2,"0x3571",0,"UNS32","CurrentLoopCtlSpeedMax","RW",
433,432,"1B0",2,"0x3572",0,"INTEGER32","OutloopPositionActualValue","RO","电机端位置当前值"
435,434,"1B2",2,"0x3573",0,"INTEGER32","OutloopFollowingError","RO","电机端位置误差值"
437,436,"1B4",2,"0x3574",0,"INTEGER32","OutloopSpeedActualValue","RO","电机端速度当前值"
439,438,"1B6",2,"0x3575",0,"INTEGER32","OutloopSpeedError","RO","电机端速度误差值"
441,440,"1B8",2,"0x3576",0,"UNS32","ReductionRatioNumerator","RW",
443,442,"1BA",2,"0x3577",0,"UNS32","ReductionRatioDenominator","RW",
444,443,"1BB",1,"0x3578",0,"UNS8","ADC1VoltageRange","RW","ADC1电压范围"
445,444,"1BC",1,"0x3579",0,"UNS8","ADC2VoltageRange","RW","ADC2电压范围"
447,446,"1BE",2,"0x357A",1,"INTEGER32","PhaseCurrent_U","RO","U相电流当前值"
449,448,"1C0",2,"0x357A",2,"INTEGER32","PhaseCurrent_V","RO","V相电流当前值"
451,450,"1C2",2,"0x357A",3,"INTEGER32","PhaseCurrent_W","RO","W相电流当前值"
453,452,"1C4",2,"0x357B",1,"INTEGER32","PhaseVoltage_U","RO",
455,454,"1C6",2,"0x357B",2,"INTEGER32","PhaseVoltage_V","RO",
457,456,"1C8",2,"0x357B",3,"INTEGER32","PhaseVoltage_W","RO",
458,457,"1C9",1,"0x357C",0,"UNS8","ReferenceSignalType","RW","参考信号类型"
459,458,"1CA",1,"0x357D",0,"UNS8","ReferenceSignalRejectCmd","RW",
461,460,"1CC",2,"0x357E",1,"INTEGER32","PositionReferenceSignal_Amplitude","RW","参考信号幅值"
463,462,"1CE",2,"0x357E",2,"UNS32","PositionReferenceSignal_Frequency","RW","参考信号频率"
465,464,"1D0",2,"0x357E",3,"INTEGER32","PositionReferenceSignal_Offset","RW","参考信号偏移"
467,466,"1D2",2,"0x357E",4,"INTEGER32","PositionReferenceSignal_Slope","RW","参考信号斜率"
469,468,"1D4",2,"0x357F",1,"INTEGER32","VelocityReferenceSignal_Amplitude","RW",
471,470,"1D6",2,"0x357F",2,"UNS32","VelocityReferenceSignal_Frequency","RW",
473,472,"1D8",2,"0x357F",3,"INTEGER32","VelocityReferenceSignal_Offset","RW",
475,474,"1DA",2,"0x357F",4,"INTEGER32","VelocityReferenceSignal_Slope","RW",
476,475,"1DB",1,"0x3580",1,"INTEGER16","TorqueReferenceSignal_Amplitude","RW",
478,477,"1DD",2,"0x3580",2,"UNS32","TorqueReferenceSignal_Frequency","RW",
479,478,"1DE",1,"0x3580",3,"INTEGER16","TorqueReferenceSignal_Offset","RW",
480,479,"1DF",1,"0x3580",4,"INTEGER16","TorqueReferenceSignal_Slope","RW",
481,480,1.00E+00,1,"0x3581",1,"UNS8","SampleSwitchChannel0","RW",
482,481,1.00E+01,1,"0x3581",2,"UNS8","SampleSwitchChannel1","RW",
483,482,1.00E+02,1,"0x3581",3,"UNS8","SampleSwitchChannel2","RW",
484,483,1.00E+03,1,"0x3581",4,"UNS8","SampleSwitchChannel3","RW",
485,484,1.00E+04,1,"0x3581",5,"UNS8","SampleSwitchChannel4","RW",
486,485,1.00E+05,1,"0x3581",6,"UNS8","SampleSwitchChannel5","RW",
487,486,1.00E+06,1,"0x3581",7,"UNS8","SampleSwitchChannel6","RW",
488,487,1.00E+07,1,"0x3581",8,"UNS8","SampleSwitchChannel7","RW",
490,489,1.00E+09,2,"0x3582",1,"UNS32","UsbFrameCountChannel0","RO",
492,491,"1EB",2,"0x3582",2,"UNS32","UsbFrameCountChannel1","RO",
494,493,"1ED",2,"0x3582",3,"UNS32","UsbFrameCountChannel2","RO",
496,495,"1EF",2,"0x3582",4,"UNS32","UsbFrameCountChannel3","RO",
498,497,"1F1",2,"0x3582",5,"UNS32","UsbFrameCountChannel4","RO",
500,499,"1F3",2,"0x3582",6,"UNS32","UsbFrameCountChannel5","RO",
502,501,"1F5",2,"0x3582",7,"UNS32","UsbFrameCountChannel6","RO",
504,503,"1F7",2,"0x3582",8,"UNS32","UsbFrameCountChannel7","RO",
505,504,"1F8",1,"0x3583",1,"UNS8","SampledTriggerSignal","RW",
506,505,"1F9",1,"0x3583",2,"UNS8","SampledTriggerMethod","RW",
507,506,"1FA",1,"0x3583",3,"UNS8","SampledTriggerDirection","RW",
508,507,"1FB",1,"0x3583",4,"UNS8","SampledTriggerDelay","RW",
510,509,"1FD",2,"0x3583",5,"INTEGER32","SampledTriggerThreshold","RW",
512,511,"1FF",2,"0x3583",6,"UNS32","SampledResolution","RW",
514,513,201,2,"0x3583",7,"UNS32","SampleRecordTime","RW",
516,515,203,2,"0x3583",8,"UNS32","SampleDataType","RW",
517,516,204,1,"0x3584",0,"UNS8","DataSampleCmd","RW",
518,517,205,1,"0x3585",0,"UNS8","DataSampleStatus","RO",
520,519,207,2,"0x3586",0,"INTEGER32","FieldWeakeningControlCurrent","RW","弱磁控制电流"
522,521,209,2,"0x3587",0,"UNS32","DeviceTempProtectTimeWindow","RW","驱动器温度保护阈值时间"
524,523,"20B",2,"0x3588",1,"INTEGER32","ImpedanceControl_K","RW","力-位置阻抗控制系数K"
526,525,"20D",2,"0x3588",2,"INTEGER32","ImpedanceControl_B","RW","力-位置阻抗控制系数B"
528,527,"20F",2,"0x3588",3,"INTEGER32","ImpedanceControl_M","RW","力-位置阻抗控制系数M"
530,529,211,2,"0x3589",0,"UNS32","ProductCode","RO","产品代号"
531,530,212,1,"0x358A",0,"UNS8","Encoder2State","RO","编码器2当前状态"
533,532,214,2,"0x358B",0,"INTEGER32","ExternalADC1RawData","RO",
535,534,216,2,"0x358C",0,"INTEGER32","ExternalADC2RawData","RO","ADC1原始数据当前值"
537,536,218,2,"0x358D",0,"INTEGER32","TargetPressure","RW","ADC2原始数据当前值"
539,538,"21A",2,"0x358E",0,"INTEGER32","EstimatedLoadTorqueCurrent","RO","负载力矩反馈当前值"
540,539,"21B",1,"0x358F",0,"UNS8","ForceControlSensorType","RW","力传感器数据来源"
541,540,"21C",1,"0x3590",0,"UNS8","ForceControlMode","RW","力控模式"
543,542,"21E",2,"0x3591",0,"UNS32","ForceControlCycle","RW","力控制周期"
545,544,220,2,"0x3592",1,"INTEGER32","AdmittanceControl_K","RW","力-位置导纳控制系数K"
547,546,222,2,"0x3592",2,"INTEGER32","AdmittanceControl_B","RW","力-位置导纳控制系数B"
549,548,224,2,"0x3592",3,"INTEGER32","AdmittanceControl_M","RW","力-位置导纳控制系数M"
551,550,226,2,"0x3593",0,"UNS32","ForceSensorLPFCutOffFrq","RW","力传感器低通滤波截止频率"
553,552,228,2,"0x3594",0,"INTEGER32","ForceSensorSamplingOffset","RW","力传感器采样偏移"
554,553,229,1,"0x3595",0,"INTEGER8","ForceSensorDirection","RW","力传感器方向"
556,555,"22B",2,"0x3596",0,"UNS32","ForceSpaceParaUnit","RW","力控参数单位"
558,557,"22D",2,"0x3597",0,"UNS32","CurrentLoopDesignBW","RO","电流环带宽设计值"
560,559,"22F",2,"0x3598",0,"UNS32","CurrentLoopEvaluationBW","RO",
561,560,230,1,"0x3599",0,"UNS8","CurrentLoopControlMode","RW","电流环控制算法"
562,561,231,1,"0x359A",0,"INTEGER8","EncoderDirection[2]","RW","电机端位置反馈方向"
563,562,232,1,"0x359A",1,"INTEGER8","EncoderDirection[2]","RW","电机端位置反馈方向"
564,563,233,1,"0x359A",2,"INTEGER8","EncoderDirection[2]","RW","电机端位置反馈方向"
565,564,234,1,"0x359B",0,"UNS8","IOInputRisingEdgeTriggerEvent[32]","RW","数字IO输入上升沿触发事件表"
566,565,235,1,"0x359B",1,"UNS8","IOInputRisingEdgeTriggerEvent[32]","RW","数字IO输入上升沿触发事件表"
567,566,236,1,"0x359B",2,"UNS8","IOInputRisingEdgeTriggerEvent[32]","RW","数字IO输入上升沿触发事件表"
568,567,237,1,"0x359B",3,"UNS8","IOInputRisingEdgeTriggerEvent[32]","RW","数字IO输入上升沿触发事件表"
569,568,238,1,"0x359B",4,"UNS8","IOInputRisingEdgeTriggerEvent[32]","RW","数字IO输入上升沿触发事件表"
570,569,239,1,"0x359B",5,"UNS8","IOInputRisingEdgeTriggerEvent[32]","RW","数字IO输入上升沿触发事件表"
571,570,"23A",1,"0x359B",6,"UNS8","IOInputRisingEdgeTriggerEvent[32]","RW","数字IO输入上升沿触发事件表"
572,571,"23B",1,"0x359B",7,"UNS8","IOInputRisingEdgeTriggerEvent[32]","RW","数字IO输入上升沿触发事件表"
573,572,"23C",1,"0x359B",8,"UNS8","IOInputRisingEdgeTriggerEvent[32]","RW","数字IO输入上升沿触发事件表"
574,573,"23D",1,"0x359B",9,"UNS8","IOInputRisingEdgeTriggerEvent[32]","RW","数字IO输入上升沿触发事件表"
575,574,"23E",1,"0x359B",10,"UNS8","IOInputRisingEdgeTriggerEvent[32]","RW","数字IO输入上升沿触发事件表"
576,575,"23F",1,"0x359B",11,"UNS8","IOInputRisingEdgeTriggerEvent[32]","RW","数字IO输入上升沿触发事件表"
577,576,240,1,"0x359B",12,"UNS8","IOInputRisingEdgeTriggerEvent[32]","RW","数字IO输入上升沿触发事件表"
578,577,241,1,"0x359B",13,"UNS8","IOInputRisingEdgeTriggerEvent[32]","RW","数字IO输入上升沿触发事件表"
579,578,242,1,"0x359B",14,"UNS8","IOInputRisingEdgeTriggerEvent[32]","RW","数字IO输入上升沿触发事件表"
580,579,243,1,"0x359B",15,"UNS8","IOInputRisingEdgeTriggerEvent[32]","RW","数字IO输入上升沿触发事件表"
581,580,244,1,"0x359B",16,"UNS8","IOInputRisingEdgeTriggerEvent[32]","RW","数字IO输入上升沿触发事件表"
582,581,245,1,"0x359B",17,"UNS8","IOInputRisingEdgeTriggerEvent[32]","RW","数字IO输入上升沿触发事件表"
583,582,246,1,"0x359B",18,"UNS8","IOInputRisingEdgeTriggerEvent[32]","RW","数字IO输入上升沿触发事件表"
584,583,247,1,"0x359B",19,"UNS8","IOInputRisingEdgeTriggerEvent[32]","RW","数字IO输入上升沿触发事件表"
585,584,248,1,"0x359B",20,"UNS8","IOInputRisingEdgeTriggerEvent[32]","RW","数字IO输入上升沿触发事件表"
586,585,249,1,"0x359B",21,"UNS8","IOInputRisingEdgeTriggerEvent[32]","RW","数字IO输入上升沿触发事件表"
587,586,"24A",1,"0x359B",22,"UNS8","IOInputRisingEdgeTriggerEvent[32]","RW","数字IO输入上升沿触发事件表"
588,587,"24B",1,"0x359B",23,"UNS8","IOInputRisingEdgeTriggerEvent[32]","RW","数字IO输入上升沿触发事件表"
589,588,"24C",1,"0x359B",24,"UNS8","IOInputRisingEdgeTriggerEvent[32]","RW","数字IO输入上升沿触发事件表"
590,589,"24D",1,"0x359B",25,"UNS8","IOInputRisingEdgeTriggerEvent[32]","RW","数字IO输入上升沿触发事件表"
591,590,"24E",1,"0x359B",26,"UNS8","IOInputRisingEdgeTriggerEvent[32]","RW","数字IO输入上升沿触发事件表"
592,591,"24F",1,"0x359B",27,"UNS8","IOInputRisingEdgeTriggerEvent[32]","RW","数字IO输入上升沿触发事件表"
593,592,250,1,"0x359B",28,"UNS8","IOInputRisingEdgeTriggerEvent[32]","RW","数字IO输入上升沿触发事件表"
594,593,251,1,"0x359B",29,"UNS8","IOInputRisingEdgeTriggerEvent[32]","RW","数字IO输入上升沿触发事件表"
595,594,252,1,"0x359B",30,"UNS8","IOInputRisingEdgeTriggerEvent[32]","RW","数字IO输入上升沿触发事件表"
596,595,253,1,"0x359B",31,"UNS8","IOInputRisingEdgeTriggerEvent[32]","RW","数字IO输入上升沿触发事件表"
597,596,254,1,"0x359B",32,"UNS8","IOInputRisingEdgeTriggerEvent[32]","RW","数字IO输入上升沿触发事件表"
598,597,255,1,"0x359C",0,"UNS8","IOInputFallingEdgeTriggerEvent[32]","RW","数字IO输入下降沿触发事件表"
599,598,256,1,"0x359C",1,"UNS8","IOInputFallingEdgeTriggerEvent[32]","RW","数字IO输入下降沿触发事件表"
600,599,257,1,"0x359C",2,"UNS8","IOInputFallingEdgeTriggerEvent[32]","RW","数字IO输入下降沿触发事件表"
601,600,258,1,"0x359C",3,"UNS8","IOInputFallingEdgeTriggerEvent[32]","RW","数字IO输入下降沿触发事件表"
602,601,259,1,"0x359C",4,"UNS8","IOInputFallingEdgeTriggerEvent[32]","RW","数字IO输入下降沿触发事件表"
"FF","#VALUE!","#VALUE!",1,"0x359C",5,"UNS8","IOInputFallingEdgeTriggerEvent[32]","RW","数字IO输入下降沿触发事件表"
604,603,"25B",1,"0x359C",6,"UNS8","IOInputFallingEdgeTriggerEvent[32]","RW","数字IO输入下降沿触发事件表"
605,604,"25C",1,"0x359C",7,"UNS8","IOInputFallingEdgeTriggerEvent[32]","RW","数字IO输入下降沿触发事件表"
606,605,"25D",1,"0x359C",8,"UNS8","IOInputFallingEdgeTriggerEvent[32]","RW","数字IO输入下降沿触发事件表"
607,606,"25E",1,"0x359C",9,"UNS8","IOInputFallingEdgeTriggerEvent[32]","RW","数字IO输入下降沿触发事件表"
608,607,"25F",1,"0x359C",10,"UNS8","IOInputFallingEdgeTriggerEvent[32]","RW","数字IO输入下降沿触发事件表"
609,608,260,1,"0x359C",11,"UNS8","IOInputFallingEdgeTriggerEvent[32]","RW","数字IO输入下降沿触发事件表"
610,609,261,1,"0x359C",12,"UNS8","IOInputFallingEdgeTriggerEvent[32]","RW","数字IO输入下降沿触发事件表"
611,610,262,1,"0x359C",13,"UNS8","IOInputFallingEdgeTriggerEvent[32]","RW","数字IO输入下降沿触发事件表"
612,611,263,1,"0x359C",14,"UNS8","IOInputFallingEdgeTriggerEvent[32]","RW","数字IO输入下降沿触发事件表"
613,612,264,1,"0x359C",15,"UNS8","IOInputFallingEdgeTriggerEvent[32]","RW","数字IO输入下降沿触发事件表"
614,613,265,1,"0x359C",16,"UNS8","IOInputFallingEdgeTriggerEvent[32]","RW","数字IO输入下降沿触发事件表"
615,614,266,1,"0x359C",17,"UNS8","IOInputFallingEdgeTriggerEvent[32]","RW","数字IO输入下降沿触发事件表"
616,615,267,1,"0x359C",18,"UNS8","IOInputFallingEdgeTriggerEvent[32]","RW","数字IO输入下降沿触发事件表"
617,616,268,1,"0x359C",19,"UNS8","IOInputFallingEdgeTriggerEvent[32]","RW","数字IO输入下降沿触发事件表"
618,617,269,1,"0x359C",20,"UNS8","IOInputFallingEdgeTriggerEvent[32]","RW","数字IO输入下降沿触发事件表"
619,618,"26A",1,"0x359C",21,"UNS8","IOInputFallingEdgeTriggerEvent[32]","RW","数字IO输入下降沿触发事件表"
620,619,"26B",1,"0x359C",22,"UNS8","IOInputFallingEdgeTriggerEvent[32]","RW","数字IO输入下降沿触发事件表"
621,620,"26C",1,"0x359C",23,"UNS8","IOInputFallingEdgeTriggerEvent[32]","RW","数字IO输入下降沿触发事件表"
622,621,"26D",1,"0x359C",24,"UNS8","IOInputFallingEdgeTriggerEvent[32]","RW","数字IO输入下降沿触发事件表"
623,622,"26E",1,"0x359C",25,"UNS8","IOInputFallingEdgeTriggerEvent[32]","RW","数字IO输入下降沿触发事件表"
624,623,"26F",1,"0x359C",26,"UNS8","IOInputFallingEdgeTriggerEvent[32]","RW","数字IO输入下降沿触发事件表"
625,624,270,1,"0x359C",27,"UNS8","IOInputFallingEdgeTriggerEvent[32]","RW","数字IO输入下降沿触发事件表"
626,625,271,1,"0x359C",28,"UNS8","IOInputFallingEdgeTriggerEvent[32]","RW","数字IO输入下降沿触发事件表"
627,626,272,1,"0x359C",29,"UNS8","IOInputFallingEdgeTriggerEvent[32]","RW","数字IO输入下降沿触发事件表"
628,627,273,1,"0x359C",30,"UNS8","IOInputFallingEdgeTriggerEvent[32]","RW","数字IO输入下降沿触发事件表"
629,628,274,1,"0x359C",31,"UNS8","IOInputFallingEdgeTriggerEvent[32]","RW","数字IO输入下降沿触发事件表"
630,629,275,1,"0x359C",32,"UNS8","IOInputFallingEdgeTriggerEvent[32]","RW","数字IO输入下降沿触发事件表"
631,630,276,1,"0x359D",0,"UNS8","IOInputFilterTime[32]","RW","数字IO输入滤波时间"
632,631,277,1,"0x359D",1,"UNS8","IOInputFilterTime[32]","RW","数字IO输入滤波时间"
633,632,278,1,"0x359D",2,"UNS8","IOInputFilterTime[32]","RW","数字IO输入滤波时间"
634,633,279,1,"0x359D",3,"UNS8","IOInputFilterTime[32]","RW","数字IO输入滤波时间"
635,634,"27A",1,"0x359D",4,"UNS8","IOInputFilterTime[32]","RW","数字IO输入滤波时间"
636,635,"27B",1,"0x359D",5,"UNS8","IOInputFilterTime[32]","RW","数字IO输入滤波时间"
637,636,"27C",1,"0x359D",6,"UNS8","IOInputFilterTime[32]","RW","数字IO输入滤波时间"
638,637,"27D",1,"0x359D",7,"UNS8","IOInputFilterTime[32]","RW","数字IO输入滤波时间"
639,638,"27E",1,"0x359D",8,"UNS8","IOInputFilterTime[32]","RW","数字IO输入滤波时间"
640,639,"27F",1,"0x359D",9,"UNS8","IOInputFilterTime[32]","RW","数字IO输入滤波时间"
641,640,280,1,"0x359D",10,"UNS8","IOInputFilterTime[32]","RW","数字IO输入滤波时间"
642,641,281,1,"0x359D",11,"UNS8","IOInputFilterTime[32]","RW","数字IO输入滤波时间"
643,642,282,1,"0x359D",12,"UNS8","IOInputFilterTime[32]","RW","数字IO输入滤波时间"
644,643,283,1,"0x359D",13,"UNS8","IOInputFilterTime[32]","RW","数字IO输入滤波时间"
645,644,284,1,"0x359D",14,"UNS8","IOInputFilterTime[32]","RW","数字IO输入滤波时间"
646,645,285,1,"0x359D",15,"UNS8","IOInputFilterTime[32]","RW","数字IO输入滤波时间"
647,646,286,1,"0x359D",16,"UNS8","IOInputFilterTime[32]","RW","数字IO输入滤波时间"
648,647,287,1,"0x359D",17,"UNS8","IOInputFilterTime[32]","RW","数字IO输入滤波时间"
649,648,288,1,"0x359D",18,"UNS8","IOInputFilterTime[32]","RW","数字IO输入滤波时间"
650,649,289,1,"0x359D",19,"UNS8","IOInputFilterTime[32]","RW","数字IO输入滤波时间"
651,650,"28A",1,"0x359D",20,"UNS8","IOInputFilterTime[32]","RW","数字IO输入滤波时间"
652,651,"28B",1,"0x359D",21,"UNS8","IOInputFilterTime[32]","RW","数字IO输入滤波时间"
653,652,"28C",1,"0x359D",22,"UNS8","IOInputFilterTime[32]","RW","数字IO输入滤波时间"
654,653,"28D",1,"0x359D",23,"UNS8","IOInputFilterTime[32]","RW","数字IO输入滤波时间"
655,654,"28E",1,"0x359D",24,"UNS8","IOInputFilterTime[32]","RW","数字IO输入滤波时间"
656,655,"28F",1,"0x359D",25,"UNS8","IOInputFilterTime[32]","RW","数字IO输入滤波时间"
657,656,290,1,"0x359D",26,"UNS8","IOInputFilterTime[32]","RW","数字IO输入滤波时间"
658,657,291,1,"0x359D",27,"UNS8","IOInputFilterTime[32]","RW","数字IO输入滤波时间"
659,658,292,1,"0x359D",28,"UNS8","IOInputFilterTime[32]","RW","数字IO输入滤波时间"
660,659,293,1,"0x359D",29,"UNS8","IOInputFilterTime[32]","RW","数字IO输入滤波时间"
661,660,294,1,"0x359D",30,"UNS8","IOInputFilterTime[32]","RW","数字IO输入滤波时间"
662,661,295,1,"0x359D",31,"UNS8","IOInputFilterTime[32]","RW","数字IO输入滤波时间"
663,662,296,1,"0x359D",32,"UNS8","IOInputFilterTime[32]","RW","数字IO输入滤波时间"
664,663,297,1,"0x359E",0,"UNS8","IOOutputMonitoringEvent[32]","RW","数字IO输出监视事件"
665,664,298,1,"0x359E",1,"UNS8","IOOutputMonitoringEvent[32]","RW","数字IO输出监视事件"
666,665,299,1,"0x359E",2,"UNS8","IOOutputMonitoringEvent[32]","RW","数字IO输出监视事件"
667,666,"29A",1,"0x359E",3,"UNS8","IOOutputMonitoringEvent[32]","RW","数字IO输出监视事件"
668,667,"29B",1,"0x359E",4,"UNS8","IOOutputMonitoringEvent[32]","RW","数字IO输出监视事件"
669,668,"29C",1,"0x359E",5,"UNS8","IOOutputMonitoringEvent[32]","RW","数字IO输出监视事件"
670,669,"29D",1,"0x359E",6,"UNS8","IOOutputMonitoringEvent[32]","RW","数字IO输出监视事件"
671,670,"29E",1,"0x359E",7,"UNS8","IOOutputMonitoringEvent[32]","RW","数字IO输出监视事件"
672,671,"29F",1,"0x359E",8,"UNS8","IOOutputMonitoringEvent[32]","RW","数字IO输出监视事件"
673,672,"2A0",1,"0x359E",9,"UNS8","IOOutputMonitoringEvent[32]","RW","数字IO输出监视事件"
674,673,"2A1",1,"0x359E",10,"UNS8","IOOutputMonitoringEvent[32]","RW","数字IO输出监视事件"
675,674,"2A2",1,"0x359E",11,"UNS8","IOOutputMonitoringEvent[32]","RW","数字IO输出监视事件"
676,675,"2A3",1,"0x359E",12,"UNS8","IOOutputMonitoringEvent[32]","RW","数字IO输出监视事件"
677,676,"2A4",1,"0x359E",13,"UNS8","IOOutputMonitoringEvent[32]","RW","数字IO输出监视事件"
678,677,"2A5",1,"0x359E",14,"UNS8","IOOutputMonitoringEvent[32]","RW","数字IO输出监视事件"
679,678,"2A6",1,"0x359E",15,"UNS8","IOOutputMonitoringEvent[32]","RW","数字IO输出监视事件"
680,679,"2A7",1,"0x359E",16,"UNS8","IOOutputMonitoringEvent[32]","RW","数字IO输出监视事件"
681,680,"2A8",1,"0x359E",17,"UNS8","IOOutputMonitoringEvent[32]","RW","数字IO输出监视事件"
682,681,"2A9",1,"0x359E",18,"UNS8","IOOutputMonitoringEvent[32]","RW","数字IO输出监视事件"
683,682,"2AA",1,"0x359E",19,"UNS8","IOOutputMonitoringEvent[32]","RW","数字IO输出监视事件"
684,683,"2AB",1,"0x359E",20,"UNS8","IOOutputMonitoringEvent[32]","RW","数字IO输出监视事件"
685,684,"2AC",1,"0x359E",21,"UNS8","IOOutputMonitoringEvent[32]","RW","数字IO输出监视事件"
686,685,"2AD",1,"0x359E",22,"UNS8","IOOutputMonitoringEvent[32]","RW","数字IO输出监视事件"
687,686,"2AE",1,"0x359E",23,"UNS8","IOOutputMonitoringEvent[32]","RW","数字IO输出监视事件"
688,687,"2AF",1,"0x359E",24,"UNS8","IOOutputMonitoringEvent[32]","RW","数字IO输出监视事件"
689,688,"2B0",1,"0x359E",25,"UNS8","IOOutputMonitoringEvent[32]","RW","数字IO输出监视事件"
690,689,"2B1",1,"0x359E",26,"UNS8","IOOutputMonitoringEvent[32]","RW","数字IO输出监视事件"
691,690,"2B2",1,"0x359E",27,"UNS8","IOOutputMonitoringEvent[32]","RW","数字IO输出监视事件"
692,691,"2B3",1,"0x359E",28,"UNS8","IOOutputMonitoringEvent[32]","RW","数字IO输出监视事件"
693,692,"2B4",1,"0x359E",29,"UNS8","IOOutputMonitoringEvent[32]","RW","数字IO输出监视事件"
694,693,"2B5",1,"0x359E",30,"UNS8","IOOutputMonitoringEvent[32]","RW","数字IO输出监视事件"
695,694,"2B6",1,"0x359E",31,"UNS8","IOOutputMonitoringEvent[32]","RW","数字IO输出监视事件"
696,695,"2B7",1,"0x359E",32,"UNS8","IOOutputMonitoringEvent[32]","RW","数字IO输出监视事件"
697,696,"2B8",1,"0x359F",0,"UNS8","EventTriggeredIOOutputStatus[32]","RW","数字IO输出极性（上升下降沿）"
698,697,"2B9",1,"0x359F",1,"UNS8","EventTriggeredIOOutputStatus[32]","RW","数字IO输出极性（上升下降沿）"
699,698,"2BA",1,"0x359F",2,"UNS8","EventTriggeredIOOutputStatus[32]","RW","数字IO输出极性（上升下降沿）"
700,699,"2BB",1,"0x359F",3,"UNS8","EventTriggeredIOOutputStatus[32]","RW","数字IO输出极性（上升下降沿）"
701,700,"2BC",1,"0x359F",4,"UNS8","EventTriggeredIOOutputStatus[32]","RW","数字IO输出极性（上升下降沿）"
702,701,"2BD",1,"0x359F",5,"UNS8","EventTriggeredIOOutputStatus[32]","RW","数字IO输出极性（上升下降沿）"
703,702,"2BE",1,"0x359F",6,"UNS8","EventTriggeredIOOutputStatus[32]","RW","数字IO输出极性（上升下降沿）"
704,703,"2BF",1,"0x359F",7,"UNS8","EventTriggeredIOOutputStatus[32]","RW","数字IO输出极性（上升下降沿）"
705,704,"2C0",1,"0x359F",8,"UNS8","EventTriggeredIOOutputStatus[32]","RW","数字IO输出极性（上升下降沿）"
706,705,"2C1",1,"0x359F",9,"UNS8","EventTriggeredIOOutputStatus[32]","RW","数字IO输出极性（上升下降沿）"
707,706,"2C2",1,"0x359F",10,"UNS8","EventTriggeredIOOutputStatus[32]","RW","数字IO输出极性（上升下降沿）"
708,707,"2C3",1,"0x359F",11,"UNS8","EventTriggeredIOOutputStatus[32]","RW","数字IO输出极性（上升下降沿）"
709,708,"2C4",1,"0x359F",12,"UNS8","EventTriggeredIOOutputStatus[32]","RW","数字IO输出极性（上升下降沿）"
710,709,"2C5",1,"0x359F",13,"UNS8","EventTriggeredIOOutputStatus[32]","RW","数字IO输出极性（上升下降沿）"
711,710,"2C6",1,"0x359F",14,"UNS8","EventTriggeredIOOutputStatus[32]","RW","数字IO输出极性（上升下降沿）"
712,711,"2C7",1,"0x359F",15,"UNS8","EventTriggeredIOOutputStatus[32]","RW","数字IO输出极性（上升下降沿）"
713,712,"2C8",1,"0x359F",16,"UNS8","EventTriggeredIOOutputStatus[32]","RW","数字IO输出极性（上升下降沿）"
714,713,"2C9",1,"0x359F",17,"UNS8","EventTriggeredIOOutputStatus[32]","RW","数字IO输出极性（上升下降沿）"
715,714,"2CA",1,"0x359F",18,"UNS8","EventTriggeredIOOutputStatus[32]","RW","数字IO输出极性（上升下降沿）"
716,715,"2CB",1,"0x359F",19,"UNS8","EventTriggeredIOOutputStatus[32]","RW","数字IO输出极性（上升下降沿）"
717,716,"2CC",1,"0x359F",20,"UNS8","EventTriggeredIOOutputStatus[32]","RW","数字IO输出极性（上升下降沿）"
718,717,"2CD",1,"0x359F",21,"UNS8","EventTriggeredIOOutputStatus[32]","RW","数字IO输出极性（上升下降沿）"
719,718,"2CE",1,"0x359F",22,"UNS8","EventTriggeredIOOutputStatus[32]","RW","数字IO输出极性（上升下降沿）"
720,719,"2CF",1,"0x359F",23,"UNS8","EventTriggeredIOOutputStatus[32]","RW","数字IO输出极性（上升下降沿）"
721,720,"2D0",1,"0x359F",24,"UNS8","EventTriggeredIOOutputStatus[32]","RW","数字IO输出极性（上升下降沿）"
722,721,"2D1",1,"0x359F",25,"UNS8","EventTriggeredIOOutputStatus[32]","RW","数字IO输出极性（上升下降沿）"
723,722,"2D2",1,"0x359F",26,"UNS8","EventTriggeredIOOutputStatus[32]","RW","数字IO输出极性（上升下降沿）"
724,723,"2D3",1,"0x359F",27,"UNS8","EventTriggeredIOOutputStatus[32]","RW","数字IO输出极性（上升下降沿）"
725,724,"2D4",1,"0x359F",28,"UNS8","EventTriggeredIOOutputStatus[32]","RW","数字IO输出极性（上升下降沿）"
726,725,"2D5",1,"0x359F",29,"UNS8","EventTriggeredIOOutputStatus[32]","RW","数字IO输出极性（上升下降沿）"
727,726,"2D6",1,"0x359F",30,"UNS8","EventTriggeredIOOutputStatus[32]","RW","数字IO输出极性（上升下降沿）"
728,727,"2D7",1,"0x359F",31,"UNS8","EventTriggeredIOOutputStatus[32]","RW","数字IO输出极性（上升下降沿）"
729,728,"2D8",1,"0x359F",32,"UNS8","EventTriggeredIOOutputStatus[32]","RW","数字IO输出极性（上升下降沿）"
730,729,"2D9",1,"0x35A1",1,"UNS8","PulseControlSpeed_EnableFlag","RW",
731,730,"2DA",1,"0x35A1",2,"UNS8","PulseControlSpeed_FilterTime","RW","PWM捕获周期测滤波时间"
732,731,"2DB",1,"0x35A1",3,"UNS8","PulseControlSpeed_Resolution","RW","PWM捕获周期降低分辨率"
733,732,"2DC",1,"0x35A2",0,"UNS8","HallStateElecAngle[8]","RW","霍尔状态对应电角度表"
734,733,"2DD",1,"0x35A2",1,"UNS8","HallStateElecAngle[8]","RW","霍尔状态对应电角度表"
735,734,"2DE",1,"0x35A2",2,"UNS8","HallStateElecAngle[8]","RW","霍尔状态对应电角度表"
736,735,"2DF",1,"0x35A2",3,"UNS8","HallStateElecAngle[8]","RW","霍尔状态对应电角度表"
737,736,2.00E+00,1,"0x35A2",4,"UNS8","HallStateElecAngle[8]","RW","霍尔状态对应电角度表"
738,737,2.00E+01,1,"0x35A2",5,"UNS8","HallStateElecAngle[8]","RW","霍尔状态对应电角度表"
739,738,2.00E+02,1,"0x35A2",6,"UNS8","HallStateElecAngle[8]","RW","霍尔状态对应电角度表"
740,739,2.00E+03,1,"0x35A2",7,"UNS8","HallStateElecAngle[8]","RW","霍尔状态对应电角度表"
741,740,2.00E+04,1,"0x35A2",8,"UNS8","HallStateElecAngle[8]","RW","霍尔状态对应电角度表"
743,742,2.00E+06,2,"0x35A3",0,"UNS32","ZPhaseElecAngle","RW","Z相对应电角度"
745,744,2.00E+08,2,"0x35A4",0,"UNS32","ElecAngleOffsetValue","RW","电角度偏移值"
747,746,"2EA",2,"0x35A5",0,"UNS32","MotorCumulativeHeat","RO","电机热量累计值"
749,748,"2EC",2,"0x35A6",0,"UNS32","PwmCtlSpeedBasicFrq","RW","PWM控制基础频率"
750,749,"2ED",1,"0x35A7",0,"UNS8","AnalogCtlSpeedEnable","RW",
751,750,"2EE",1,"0x35A8",0,"UNS8","AnalogCtlSpeedADCSource","RW","模拟量控制信号源"
753,752,"2F0",2,"0x35A9",0,"UNS32","ExtADC1ReduceResolution","RW","ADC1降低分辨率"
755,754,"2F2",2,"0x35AA",0,"UNS32","ExtADC2ReduceResolution","RW","ADC2降低分辨率"
756,755,"2F3",1,"0x35AB",0,"UNS8","HardwareCommunicationType","RO","支持的通讯类型"
757,756,"2F4",1,"0x35AC",0,"UNS8","HardwareFeedbackType","RO","支持的位置反馈类型"
759,758,"2F6",2,"0x35AD",1,"UNS32","BreakSetting_activation_velocity","RW","电机抱闸制动速度阀值"
761,760,"2F8",2,"0x35AD",2,"UNS32","BreakSetting_disengage_time","RW","电机抱闸机械释放时间"
763,762,"2FA",2,"0x35AD",3,"UNS32","BreakSetting_engage_time","RW","电机抱闸机械制动时间"
764,763,"2FB",1,"0x35AD",4,"UNS8","BreakSetting_enable","RW","电机抱闸控制模式"
766,765,"2FD",2,"0x35AD",5,"UNS32","BreakSetting_disengage_software_delay_time","RW","电机抱闸释放软件延迟时间"
768,767,"2FF",2,"0x35AD",6,"UNS32","BreakSetting_engage_software_delay_time","RW","电机抱闸制动软件延迟时间"
770,769,301,2,"0x35AD",7,"UNS32","BreakSetting_activation_delay_time","RW","电机抱闸制动时间阈值"
771,770,302,1,"0x35AE",0,"UNS8","HWSnNumber[8]","RO",
772,771,303,1,"0x35AE",1,"UNS8","HWSnNumber[8]","RO",
773,772,304,1,"0x35AE",2,"UNS8","HWSnNumber[8]","RO",
774,773,305,1,"0x35AE",3,"UNS8","HWSnNumber[8]","RO",
775,774,306,1,"0x35AE",4,"UNS8","HWSnNumber[8]","RO",
776,775,307,1,"0x35AE",5,"UNS8","HWSnNumber[8]","RO",
777,776,308,1,"0x35AE",6,"UNS8","HWSnNumber[8]","RO",
778,777,309,1,"0x35AE",7,"UNS8","HWSnNumber[8]","RO",
779,778,"30A",1,"0x35AE",8,"UNS8","HWSnNumber[8]","RO",
781,780,"30C",2,"0x35AF",0,"UNS32","CurrentSamplingResistance","RO",
783,782,"30E",2,"0x35B1",1,"UNS32","BodeDiagram_ScanFrequency","RW",
785,784,310,2,"0x35B1",2,"UNS32","BodeDiagram_ExcitationSignalAmplitude","RW",
787,786,312,2,"0x35B1",3,"UNS32","BodeDiagram_NumberOfScanningPoints","RW",
788,787,313,1,"0x35B1",4,"UNS8","BodeDiagram_ScanStartCommand","RW",
789,788,314,1,"0x35B1",5,"UNS8","BodeDiagram_ScanCompletionFlag","RW",
790,789,315,1,"0x35B1",6,"UNS8","BodeDiagram_ScanMode","RW","系统性能评估模式"
791,790,316,1,"0x35B2",1,"UNS8","PulsePositionControl_Enable","RW",
792,791,317,1,"0x35B2",2,"UNS8","PulsePositionControl_Mode","RW","脉冲捕获信号模式"
793,792,318,1,"0x35B3",0,"UNS8","DeadZoneCompensationEnable","RW","死区补偿开关"
795,794,"31A",2,"0x35B4",1,"INTEGER32","ADCSamplingOffset_ADC1","RW","ADC1采样偏移值"
797,796,"31C",2,"0x35B4",2,"INTEGER32","ADCSamplingOffset_ADC2","RW","ADC2采样偏移值"
799,798,"31E",2,"0x35B5",1,"UNS32","NooAppParameters_RunningSpeed","RW",
801,800,320,2,"0x35B5",2,"INTEGER32","NooAppParameters_UpwardPosition","RW",
803,802,322,2,"0x35B5",3,"INTEGER32","NooAppParameters_DownwardPosition","RW",
805,804,324,2,"0x35B5",4,"UNS32","NooAppParameters_PressureHoldingTime","RW",
806,805,325,1,"0x35B5",5,"UNS8","NooAppParameters_PressureReachesFlag","RO",
807,806,326,1,"0x35B5",6,"UNS8","NooAppParameters_AutomaticRunEnable","RW",
809,808,328,2,"0x35B5",7,"UNS32","NooAppParameters_TopWaitingTime","RW",
811,810,"32A",2,"0x35B6",1,"INTEGER32","PressureProtectionValue_Max","RW","力控阈值最大值"
813,812,"32C",2,"0x35B6",2,"INTEGER32","PressureProtectionValue_Min","RW","力控阈值最小值"
815,814,"32E",2,"0x35B7",1,"INTEGER32","TorqueRippleWeiChuang_OffsetCurrentCompensation","RW",
817,816,330,2,"0x35B7",2,"INTEGER32","TorqueRippleWeiChuang_SpeedJudgmentThreshold","RW",
819,818,332,2,"0x35B7",3,"INTEGER32","TorqueRippleWeiChuang_VelocityAdmittanceCoefficient","RW",
821,820,334,2,"0x35B7",4,"INTEGER32","TorqueRippleWeiChuang_MaximumCompensationCurrent","RW",
823,822,336,2,"0x35B8",1,"UNS32","DriveOverloadProtection_RatedCurrent","RW","驱动器过载电流"
825,824,338,2,"0x35B8",2,"UNS32","DriveOverloadProtection_PeakCurrent","RO",
827,826,"33A",2,"0x35B8",3,"UNS32","DriveOverloadProtection_PeakCurrentDuration","RW","驱动器峰值电流持续时间"
829,828,"33C",2,"0x35B8",4,"UNS32","DriveOverloadProtection_OverloadProtectionTime","RW","驱动器过载电流持续时间"
831,830,"33E",2,"0x35B9",1,"UNS32","Encoder1HardwareSingleturnResolution","RW","编码器1硬件单圈分辨率（p）"
832,831,"33F",1,"0x35B9",2,"UNS8","Encoder1AbsCdsState","RW","编码器1控制字状态"
833,832,340,1,"0x35B9",3,"UNS8","Encoder1ProtocolTotalBits","RW","编码器1协议数据总位数（bit）"
834,833,341,1,"0x35B9",4,"UNS8","Encoder1PositionLsbBitNb","RW","编码器1位置数据LSB位置（bit）"
835,834,342,1,"0x35B9",5,"UNS8","Encoder1HighMaskBits","RW","编码器1数据高位忽略位数（bit）"
836,835,343,1,"0x35B9",6,"UNS8","Encoder1ErrorBitNb","RW","编码器1错误位位置（bit）"
837,836,344,1,"0x35B9",7,"UNS8","Encoder1DataPollingTime","RW","编码器1数据轮询时间（TS）"
838,837,345,1,"0x35B9",8,"UNS8","Encoder1Temperature","RO","编码器1温度"
839,838,346,1,"0x35B9",9,"UNS8","Encoder1TempProtectValue","RW","编码器1温度保护阈值"
841,840,348,2,"0x35B9",10,"UNS32","Encoder1ParameterReserved0","RW",
842,841,349,1,"0x35B9",11,"UNS8","Encoder1ParameterReserved1","RW",
843,842,"34A",1,"0x35B9",12,"UNS8","Encoder1ParameterReserved2","RW",
844,843,"34B",1,"0x35B9",13,"UNS8","Encoder1ParameterReserved3","RW",
845,844,"34C",1,"0x35B9",14,"UNS8","Encoder1ParameterReserved4","RW",
847,846,"34E",2,"0x35BA",1,"UNS32","Encoder2HardwareSingleturnResolution","RW","编码器2硬件单圈分辨率（p）"
848,847,"34F",1,"0x35BA",2,"UNS8","Encoder2AbsCdsState","RW","编码器2控制字状态"
849,848,350,1,"0x35BA",3,"UNS8","Encoder2ProtocolTotalBits","RW","编码器2协议数据总位数（bit）"
850,849,351,1,"0x35BA",4,"UNS8","Encoder2PositionLsbBitNb","RW","编码器2位置数据LSB位置（bit）"
851,850,352,1,"0x35BA",5,"UNS8","Encoder2HighMaskBits","RW","编码器2数据高位忽略位数（bit）"
852,851,353,1,"0x35BA",6,"UNS8","Encoder2ErrorBitNb","RW","编码器2错误位位置（bit）"
853,852,354,1,"0x35BA",7,"UNS8","Encoder2DataPollingTime","RW","编码器2数据轮询时间（TS）"
854,853,355,1,"0x35BA",8,"UNS8","Encoder2Temperature","RO","编码器2温度"
855,854,356,1,"0x35BA",9,"UNS8","Encoder2TempProtectValue","RW","编码器2温度保护阈值"
857,856,358,2,"0x35BA",10,"UNS32","Encoder2ParameterReserved0","RW",
858,857,359,1,"0x35BA",11,"UNS8","Encoder2ParameterReserved1","RW",
859,858,"35A",1,"0x35BA",12,"UNS8","Encoder2ParameterReserved2","RW",
860,859,"35B",1,"0x35BA",13,"UNS8","Encoder2ParameterReserved3","RW",
861,860,"35C",1,"0x35BA",14,"UNS8","Encoder2ParameterReserved4","RW",
863,862,"35E",2,"0x35BB",1,"UNS32","SampleCountChannel0","RO","位置反馈映射"
865,864,360,2,"0x35BB",2,"UNS32","SampleCountChannel1","RO","速度反馈映射"
867,866,362,2,"0x35BB",3,"UNS32","SampleCountChannel2","RO","电角度反馈映射"
869,868,364,2,"0x35BB",4,"UNS32","SampleCountChannel3","RO",
871,870,366,2,"0x35BB",5,"UNS32","SampleCountChannel4","RO",
873,872,368,2,"0x35BB",6,"UNS32","SampleCountChannel5","RO",
875,874,"36A",2,"0x35BB",7,"UNS32","SampleCountChannel6","RO",
877,876,"36C",2,"0x35BB",8,"UNS32","SampleCountChannel7","RO",
879,878,"36E",2,"0x35BC",1,"UNS32","SampleScopeMapChannel0","RW",
881,880,370,2,"0x35BC",2,"UNS32","SampleScopeMapChannel1","RW",
883,882,372,2,"0x35BC",3,"UNS32","SampleScopeMapChannel2","RW",
885,884,374,2,"0x35BC",4,"UNS32","SampleScopeMapChannel3","RW",
887,886,376,2,"0x35BC",5,"UNS32","SampleScopeMapChannel4","RW",
889,888,378,2,"0x35BC",6,"UNS32","SampleScopeMapChannel5","RW",
891,890,"37A",2,"0x35BC",7,"UNS32","SampleScopeMapChannel6","RW",
893,892,"37C",2,"0x35BC",8,"UNS32","SampleScopeMapChannel7","RW",
895,894,"37E",2,"0x35BD",0,"UNS32","SampleScopeErrorCode","RO",
897,896,380,2,"0x35BE",0,"UNS32","DriveBusVoltageUpperLimit","RO","驱动器母线电压上限"
899,898,382,2,"0x35BF",0,"UNS32","DriveBusVoltageLowerLimit","RO","驱动器母线电压下限"
901,900,384,2,"0x35C0",0,"UNS32","DrivePeakCurrent","RO","驱动器峰值电流"
903,902,386,2,"0x35C1",0,"UNS32","DriveContinuousCurrent","RO","驱动器额定电流"
905,904,388,2,"0x35C2",0,"UNS32","MotorPolePairPitch","RW","电机极对距（直线电机）"
907,906,"38A",2,"0x35C3",0,"UNS32","MotorForceConstant","RW","电机力矩常数（直线电机）"
909,908,"38C",2,"0x35C4",0,"UNS32","MotorMoverMass","RW","电机动子质量（直线电机）"
911,910,"38E",2,"0x35C5",0,"UNS32","Encoder1SingleTurnEffectiveResolution","RW","编码器1单圈有效分辨率脉冲数"
912,911,"38F",1,"0x35C6",0,"UNS8","PositionLoopControlAlgorithm","RW","位置环控制算法"
913,912,390,1,"0x35C7",0,"UNS8","PositionFeedbackMapping","RW","位置反馈映射"
914,913,391,1,"0x35C8",0,"UNS8","VelocityFeedbackMapping","RW","速度反馈映射"
915,914,392,1,"0x35C9",0,"UNS8","ElecAngleFeedbackMapping","RW","电角度反馈映射"
917,916,394,2,"0x35CA",0,"UNS32","MotorPositionFeedbackResolution","RO","电机端位置反馈分辨率"
919,918,396,2,"0x35CB",0,"INTEGER32","ForceTorqueFeedforward","RW","力-力矩控制前馈系数"
921,920,398,2,"0x35CC",0,"INTEGER32","ForceTorqueKp","RW","力-力矩控制比例系数"
923,922,"39A",2,"0x35CD",0,"INTEGER32","ForceTorqueKi","RW","力-力矩控制积分系数"
924,923,"39B",1,"0x35CE",0,"UNS8","HardwareShortCircuitDetectEnable","RW","硬件短路保护检测开关"
925,924,"39C",1,"0x35CF",0,"UNS8","FlashStatusDetectEnable","RW","Flash存储状态检测开关"
926,925,"39D",1,"0x35D0",0,"UNS8","PositionFeedbackStatusDetectEnable","RW","位置反馈状态检测开关"
927,926,"39E",1,"0x35D1",0,"UNS8","HallStatusDetectEnable","RW","霍尔传感器状态检测开关"
928,927,"39F",1,"0x35D2",0,"UNS8","VoltageRangeDetectEnable","RW","电压范围检测开关"
929,928,"3A0",1,"0x35D3",0,"UNS8","DriveOverloadDetectEnable","RW","驱动器过载检测开关"
930,929,"3A1",1,"0x35D4",0,"UNS8","DrivePeakCurrentDetectEnable","RW","驱动器峰值电流检测开关"
931,930,"3A2",1,"0x35D5",0,"UNS8","MotorOverloadDetectEnable","RW","电机过载检测开关"
933,932,"3A4",2,"0x35D6",0,"UNS32","MotorOverloadCurrent","RW","电机过载电流"
934,933,"3A5",1,"0x35D7",0,"UNS8","MotorPeakCurrentDetectEnable","RW","电机峰值电流检测开关"
936,935,"3A7",2,"0x35D8",0,"UNS32","MotorPeakCurrentDuration","RW","电机峰值电流持续时间"
938,937,"3A9",2,"0x35D9",0,"UNS32","OverspeedThreshold","RW","过速阈值"
939,938,"3AA",1,"0x35DA",0,"UNS8","MotorStuckDetectEnable","RW","电机堵转保护开关"
940,939,"3AB",1,"0x35DB",0,"UNS8","PositionFollowingErrorDetectEnable","RW","位置跟随误差检测开关"
941,940,"3AC",1,"0x35DC",0,"UNS8","ForceRangeDetectEnable","RW","力控范围检测开关"
942,941,"3AD",1,"0x35DD",0,"UNS8","DriveTemperatureDetectEnable","RW","驱动器温度检测开关"
943,942,"3AE",1,"0x35DE",0,"UNS8","MotorTemperatureDetectEnable","RW","电机温度检测开关"
945,944,"3B0",2,"0x35DF",0,"INTEGER32","MotorLowTemperatureFaultThreshold","RW","电机低温报错阈值"
947,946,"3B2",2,"0x35E0",0,"INTEGER32","MotorHighTemperatureWarningThreshold","RW","电机高温警告阈值"
949,948,"3B4",2,"0x35E1",0,"UNS32","MotorTemperatureThresholdTime","RW","电机温度保护阈值时间"
950,949,"3B5",1,"0x35E2",0,"UNS8","PositionTargetReachedDetectEnable","RW","位置到达检测开关"
951,950,"3B6",1,"0x35E3",0,"UNS8","VelocityTargetReachedDetectEnable","RW","速度到达检测开关"
952,951,"3B7",1,"0x35E4",0,"UNS8","VelocityZeroDetectEnable","RW","零速检测开关"
954,953,"3B9",2,"0x35E5",0,"UNS32","MotorBrakePWMSignalFrequency","RW","电机抱闸信号PWM周期"
955,954,"3BA",1,"0x35E6",0,"UNS8","MotorBrakePWMSignalDutyCycle","RW","电机抱闸信号PWM占空比"
956,955,"3BB",1,"0x35E7",0,"UNS8","ElectricalAngleIdentificationTargetElectricalAngle","RW","电角度辨识目标电角度"
957,956,"3BC",1,"0x35E8",0,"UNS8","ReferenceSignalControlObject","RW","参考信号控制对象"
959,958,"3BE",2,"0x35E9",0,"INTEGER32","ForceDemandValue","RO","压力指令值"
961,960,"3C0",2,"0x35EA",0,"INTEGER32","LoadZeroPulseErrorValue","RO","负载端 Z 相检测误差"
963,962,"3C2",2,"0x35EB",0,"UNS32","CurrentControllerBandwidthVerifiedValue","RO","电流环带宽验证值"
965,964,"3C4",2,"0x35EC",0,"UNS32","PositionControllerBandwidthVerifiedValue","RO","位置环带宽验证值"
967,966,"3C6",2,"0x35ED",0,"UNS32","DriveAccumulatedHeat","RO","驱动器热量累计值"
968,967,"3C7",1,"0x35EE",0,"UNS8","PulseOutputMode","RW","脉冲输出模式"
969,968,"3C8",1,"0x35EF",0,"UNS16","PulseOutputFreqDivision","RW","脉冲输出分频系数"
971,970,"3CA",2,"0x35F0",0,"UNS32","PulseCaptureSignalCounts","RO","脉冲捕获计数值"
973,972,"3CC",2,"0x35F1",0,"UNS32","ProductionBatchVersion","RO","生产批次版本号"
975,974,"3CE",2,"0x35F2",0,"INTEGER32","AxisDCurrentTargetValue","RW","D轴电流目标值"
977,976,"3D0",2,"0x35F3",0,"INTEGER32","AxisDCurrentDemandValue","RO","D轴电流指令值"
979,978,"3D2",2,"0x35F4",0,"INTEGER32","AxisAlphaVoltageTargetValue","RW","Alpha轴电压目标值"
981,980,"3D4",2,"0x35F5",0,"INTEGER32","AxisBetaVoltageTargetValue","RW","Beta轴电压目标值"
983,982,"3D6",2,"0x35F6",0,"INTEGER32","AxisDCurrentActualValue","RO","D轴电流当前值"
985,984,"3D8",2,"0x35F7",0,"INTEGER32","AxisAlphaVoltageActualValue","RO","Alpha轴电压当前值"
987,986,"3DA",2,"0x35F8",0,"INTEGER32","AxisBetaVoltageActualValue","RO","Beta轴电压当前值"
989,988,"3DC",2,"0x35F9",0,"INTEGER32","AxisAlphaVoltageDemandValue","RO","Alpha轴电压指令值"
991,990,"3DE",2,"0x35FA",0,"INTEGER32","AxisBetaVoltageDemandValue","RO","Beta轴电压指令值"
992,991,"3DF",1,"0x35FB",0,"INTEGER8","ForceTorqueUnitIndex","RW","力-力矩控制单位指数"
993,992,3.00E+00,1,"0x35FC",0,"INTEGER8","ForcePositionAdmittanceUnitIndex","RW","力-位置导纳控制单位指数"
995,994,3.00E+02,2,"0x35FD",0,"UNS32","OfflineDataIndex","RO","离线数据模块的文件索引"
997,996,3.00E+04,2,"0x35FE",0,"UNS32","ControlDataIndex","RO","控制模块的文件索引"
999,998,3.00E+06,2,"0x35FF",0,"UNS32","RegenerationVoltageUpperThreshold","RW","再生电压上限阈值"
1001,1000,3.00E+08,2,"0x3600",0,"UNS32","RegenerationVoltageLowerThreshold","RW","再生电压下限阈值"
1002,1001,3.00E+09,1,"0x3601",0,"UNS8","RegenerationFunctionEnable","RW","再生功能开关"
1003,1002,"3EA",1,"0x3602",0,"UNS8","RegenerationResistorOverloadProtectionEnable","RW","再生电阻过载保护开关"
1004,1003,"3EB",1,"0x3603",0,"UNS8","PowerOnAutoEnable","RW","上电自动使能开关"
1006,1005,"3ED",2,"0x3604",0,"INTEGER32","MotorSpeedObserverActualValue","RO","电机端速度观测器当前值"
1008,1007,"3EF",2,"0x3605",0,"INTEGER32","LoadSpeedObserverActualValue","RO","负载端速度观测器当前值"
1010,1009,"3F1",2,"0x3606",0,"UNS32","Encoder1GlitchFilterCoef","RW","编码器1毛刺滤波系数"
1012,1011,"3F3",2,"0x3607",0,"UNS32","Encoder2GlitchFilterCoef","RW","编码器2毛刺滤波系数"
1014,1013,"3F5",2,"0x3608",0,"UNS32","PulseCaptureGlitchFilterCoefficient","RW","脉冲捕获毛刺滤波系数"
1015,1014,"3F6",1,"0x3609",0,"UNS8","MultiSegmentSelectionCommand","RW","多段运行模式段选指令"
1016,1015,"3F7",1,"0x360A",0,"UNS8","MultiSegmentTriggerCommand","RW","多段运行模式触发指令"
1017,1016,"3F8",1,"0x360B",0,"UNS8","MotorStuckCurrentThresholdRelative","RW","电机堵转电流阈值相对值"
1019,1018,"3FA",2,"0x360C",0,"UNS32","MotorStuckVelocityThreshold","RW","电机堵转速度阈值"
1021,1020,"3FC",2,"0x360D",0,"INTEGER32","ForceSensorActualValue","RO","力传感器当前值"
1022,1021,"3FD",1,"0x360E",0,"UNS8","ForceTargetReachedDetectEnable","RW","力控到达检测开关"
1023,1022,"3FE",1,"0x360F",0,"UNS16","ForceTargetReachedWindow","RW","力控到达检测窗口"
1025,1024,400,2,"0x3610",0,"UNS32","ForceTargetReachedWindowTime","RW","力控到达检测窗口时间"
1026,1025,401,1,"0x3611",0,"UNS8","VelocityControlMode","RW","速度控制模式"
1028,1027,403,2,"0x3612",0,"INTEGER32","ForceErrorValue","RO","力控误差值"
1029,1028,404,1,"0x3613",0,"UNS8","MultiSegmentRunningSegment","RO","多段运行模式运行段"
1030,1029,405,1,"0x3614",0,"UNS8","MultiSegmentRunningState","RO","多段运行模式运行状态"
1031,1030,406,1,"0x3615",0,"UNS8","CurrentTargetFilter1Type","RW","指令电流滤波器1类型"
1033,1032,408,2,"0x3616",0,"UNS32","CurrentTargetFilter1Frequency","RW","指令电流滤波器1频率"
1035,1034,"40A",2,"0x3617",0,"UNS32","CurrentTargetFilter1Bandwidth","RW","指令电流滤波器1带宽"
1036,1035,"40B",1,"0x3618",0,"UNS8","CurrentTargetFilter2Type","RW","指令电流滤波器2类型"
1038,1037,"40D",2,"0x3619",0,"UNS32","CurrentTargetFilter2Frequency","RW","指令电流滤波器2频率"
1040,1039,"40F",2,"0x361A",0,"UNS32","CurrentTargetFilter2Bandwidth","RW","指令电流滤波器2带宽"
1041,1040,410,1,"0x361B",0,"UNS8","CurrentTargetFilter3Type","RW","指令电流滤波器3类型"
1043,1042,412,2,"0x361C",0,"UNS32","CurrentTargetFilter3Frequency","RW","指令电流滤波器3频率"
1045,1044,414,2,"0x361D",0,"UNS32","CurrentTargetFilter3Bandwidth","RW","指令电流滤波器3带宽"
1046,1045,415,1,"0x361E",0,"UNS8","CurrentTargetFilter4Type","RW","指令电流滤波器4类型"
1048,1047,417,2,"0x361F",0,"UNS32","CurrentTargetFilter4Frequency","RW","指令电流滤波器4频率"
1050,1049,419,2,"0x3620",0,"UNS32","CurrentTargetFilter4Bandwidth","RW","指令电流滤波器4带宽"
1052,1051,"41B",2,"0x3621",0,"INTEGER32","PulseOutputResolution","RW","脉冲输出分辨率"
1053,1052,"41C",1,"0x3622",0,"UNS8","AutoElecAngleAlignEnable","RW","自动寻相开关"
1055,1054,"41E",2,"0x3623",0,"UNS32","PointProgramDwellTime","RW","点位编程停留时间"
1056,1055,"41F",1,"0x3624",0,"UNS8","PulseCaptureChannel","RW","脉冲捕获通道"
1057,1056,420,1,"0x3625",0,"UNS8","PositionErrorCorrectionEnable","RW","位置误差补偿功能开关"
1059,1058,422,2,"0x3626",0,"INTEGER32","PositionErrorCorrectionStartPosition","RW","位置误差补偿起始位置"
1061,1060,424,2,"0x3627",0,"UNS32","PositionErrorCorrectionInterval","RW","位置误差补偿插值点间隔"
1063,1062,426,2,"0x3628",0,"UNS32","PositionErrorCorrectionStartIndexOffset","RW","位置误差补偿起始索引偏移"
1065,1064,428,2,"0x3629",0,"UNS32","PositionErrorCorrectionActiveNumber","RW","位置误差补偿有效点数"
1067,1066,"42A",2,"0x362A",0,"UNS32","PulseInputResolution","RW","脉冲输入分辨率"
1069,1068,"42C",2,"0x362B",0,"INTEGER32","PulseInputRatioNumerator","RW","脉冲输入倍率分子"
1071,1070,"42E",2,"0x362C",0,"INTEGER32","PulseInputRatioDenominator","RW","脉冲输入倍率分母"
1072,1071,"42F",1,"0x362D",0,"UNS8","MultiSegmentSetSegmentIndex","RW","多段运行模式设置段索引"
1073,1072,430,1,"0x362E",0,"UNS8","MultiSegmentSetParamIndex","RW","多段运行模式设置参数索引"
1075,1074,432,2,"0x362F",0,"UNS32","MultiSegmentSetValue","RW","多段运行模式设置值"
1077,1076,434,2,"0x3630",0,"UNS32","PositionErrorCorrectionSetIndex","RW","位置误差补偿表设置索引"
1079,1078,436,2,"0x3631",0,"INTEGER32","PositionErrorCorrectionSetValue","RW","位置误差补偿表设置值"
1080,1079,437,1,"0x3632",0,"UNS8","PositionErrorCorrectionParametersResetCommand","RW","位置误差补偿参数复位指令"
1081,1080,438,1,"0x3633",0,"INTEGER8","PositionErrorCorrectionStatus","RO","位置误差补偿状态"
1083,1082,"43A",2,"0x3634",0,"INTEGER32","TargetPositionAfterHoming","RW","回零后目标位置"
1085,1084,"43C",2,"0x3635",0,"UNS32","ForceFactorNumerator","RW","力单位转换系数分子"
1087,1086,"43E",2,"0x3636",0,"UNS32","ForceFactorDenominator","RW","力单位转换系数分母"
1088,1087,"43F",1,"0x3637",0,"UNS8","HomingStallCurrentRelative","RW","回零堵转电流相对值"
1089,1088,440,1,"0x3638",0,"UNS8","ElectricalAngleIdentificationMode","RW","电角度辨识模式"
1091,1090,442,2,"0x3639",0,"UNS32","ElectricalAngleIdentificationTimeoutTime","RW","电角度辨识超时时间"
1093,1092,444,2,"0x363A",0,"UNS32","DatabaseReadWriteErrorCode","RO","数据库读写错误码"
1095,1094,446,2,"0x363B",0,"INTEGER32","LoadPositionActualRawValue","RO","负载端位置当前原始值"
1097,1096,448,2,"0x363C",0,"UNS32","PositionFeedbackAttribute","RW","位置反馈属性"
1099,1098,"44A",2,"0x363D",0,"UNS32","WarningBitmaskSegment1","RW","警告位掩码段1"
1101,1100,"44C",2,"0x363E",0,"UNS32","WarningBitmaskSegment2","RW","警告位掩码段2"
1102,1101,"44D",1,"0x363F",0,"INTEGER16","OvertravelActionMode","RW","超程动作模式"
1103,1102,"44E",1,"0x3640",0,"INTEGER8","ScriptRunningStatus","RO","脚本运行状态"
1105,1104,450,2,"0x3641",0,"UNS32","WarningCodeSegment1","RO","警告码段1"
1107,1106,452,2,"0x3642",0,"UNS32","WarningCodeSegment2","RO","警告码段2"
1109,1108,454,2,"0x3643",0,"UNS32","HomingTimeoutTime","RW","回零超时时间"
1110,1109,455,1,"0x3644",0,"UNS8","AutoGainTuningEnable","RW","自动增益调整开关"
1111,1110,456,1,"0x3645",0,"UNS8","AutoGainTuningMethod","RW","自动增益调整方法"
1112,1111,457,1,"0x3646",0,"UNS8","AutoGainEstimationSpeed","RW","自动增益估计速度"
1114,1113,459,2,"0x3647",0,"INTEGER32","AxisAlphaCurrentActualValue","RO","Alpha轴电流当前值"
1116,1115,"45B",2,"0x3648",0,"INTEGER32","AxisBetaCurrentActualValue","RO","Beta轴电流当前值"
1118,1117,"45D",2,"0x3649",0,"UNS32","CommunicationFunctionOptionCode1","RW","通信功能选项码1"
1120,1119,"45F",2,"0x364A",0,"UNS32","CommunicationFunctionOptionCode2","RW","通信功能选项码2"
1121,1120,460,1,"0x364B",0,"INTEGER8","SmoothingFactorIndex","RW","平滑系数指数"
1123,1122,462,2,"0x364C",0,"UNS32","ApplicationCurrentLimit","RW","应用电流限制"
1125,1124,464,2,"0x364D",0,"UNS32","DigitalIOInputAutoTriggerEnable","RW","数字IO输入自动触发开关"
1126,1125,465,1,"0x364E",0,"UNS8","Encoder1SignalType","RW","编码器1信号类型"
1127,1126,466,1,"0x364F",0,"UNS8","Encoder2SignalType","RW","编码器2信号类型"
1129,1128,468,2,"0x3650",0,"INTEGER32","ADCHardwareVoltageLowerLimit","RO","ADC硬件电压下限"
1131,1130,"46A",2,"0x3651",0,"INTEGER32","ADCHardwareVoltageUpperLimit","RO","ADC硬件电压上限"
1133,1132,"46C",2,"0x3652",0,"INTEGER32","ADCUserVoltageLowerLimit","RW","ADC用户电压下限"
1135,1134,"46E",2,"0x3653",0,"INTEGER32","ADCUserVoltageUpperLimit","RW","ADC用户电压上限"
1137,1136,470,2,"0x3654",0,"UNS32","ElectricalAngleIdentificationParameter1","RW","电角度辨识参数?1"
1139,1138,472,2,"0x3655",0,"UNS32","ElectricalAngleIdentificationParameter2","RW","电角度辨识参数?2"
1141,1140,474,2,"0x3656",0,"UNS32","ElectricalAngleIdentificationParameter3","RW","电角度辨识参数?3"
1142,1141,475,1,"0x3657",0,"UNS8","ElectricalAngleAlignAutoReturnEnable","RW","寻相后自动返回开关"
1144,1143,477,2,"0x3658",0,"UNS32","ForceControlSearchSpeed","RW","力控搜索速度"
1146,1145,479,2,"0x3659",0,"UNS32","ModbusBaudrate","RW","Modbus通讯波特率"
1147,1146,"47A",1,"0x365A",0,"UNS8","ModbusNodeID","RW","Modbus节点ID"
1148,1147,"47B",1,"0x365B",1,"UNS8","PositionDisplayUnit","RW","位置显示单位"
1149,1148,"47C",1,"0x365B",2,"UNS8","VelocityDisplayUnit","RW","速度显示单位"
1150,1149,"47D",1,"0x365B",3,"UNS8","AccelerationDisplayUnit","RW","加速度显示单位"
1151,1150,"47E",1,"0x365B",4,"UNS8","ForceDisplayUnit","RW","力显示单位"
1153,1152,480,2,"0x365C",0,"UNS32","ZeroPulseOutputDuration","RW","Z?相输出持续时间"
1154,1153,481,1,"0x365D",0,"UNS8","DriveName[20]","RW","驱动器名称"
1155,1154,482,1,"0x365D",1,"UNS8","DriveName[20]","RW","驱动器名称"
1156,1155,483,1,"0x365D",2,"UNS8","DriveName[20]","RW","驱动器名称"
1157,1156,484,1,"0x365D",3,"UNS8","DriveName[20]","RW","驱动器名称"
1158,1157,485,1,"0x365D",4,"UNS8","DriveName[20]","RW","驱动器名称"
1159,1158,486,1,"0x365D",5,"UNS8","DriveName[20]","RW","驱动器名称"
1160,1159,487,1,"0x365D",6,"UNS8","DriveName[20]","RW","驱动器名称"
1161,1160,488,1,"0x365D",7,"UNS8","DriveName[20]","RW","驱动器名称"
1162,1161,489,1,"0x365D",8,"UNS8","DriveName[20]","RW","驱动器名称"
1163,1162,"48A",1,"0x365D",9,"UNS8","DriveName[20]","RW","驱动器名称"
1164,1163,"48B",1,"0x365D",10,"UNS8","DriveName[20]","RW","驱动器名称"
1165,1164,"48C",1,"0x365D",11,"UNS8","DriveName[20]","RW","驱动器名称"
1166,1165,"48D",1,"0x365D",12,"UNS8","DriveName[20]","RW","驱动器名称"
1167,1166,"48E",1,"0x365D",13,"UNS8","DriveName[20]","RW","驱动器名称"
1168,1167,"48F",1,"0x365D",14,"UNS8","DriveName[20]","RW","驱动器名称"
1169,1168,490,1,"0x365D",15,"UNS8","DriveName[20]","RW","驱动器名称"
1170,1169,491,1,"0x365D",16,"UNS8","DriveName[20]","RW","驱动器名称"
1171,1170,492,1,"0x365D",17,"UNS8","DriveName[20]","RW","驱动器名称"
1172,1171,493,1,"0x365D",18,"UNS8","DriveName[20]","RW","驱动器名称"
1173,1172,494,1,"0x365D",19,"UNS8","DriveName[20]","RW","驱动器名称"
1174,1173,495,1,"0x365D",20,"UNS8","DriveName[20]","RW","驱动器名称"
1175,1174,496,1,"0x365E",0,"UNS8","MotorName[20]","RW","电机名称"
1176,1175,497,1,"0x365E",1,"UNS8","MotorName[20]","RW","电机名称"
1177,1176,498,1,"0x365E",2,"UNS8","MotorName[20]","RW","电机名称"
1178,1177,499,1,"0x365E",3,"UNS8","MotorName[20]","RW","电机名称"
1179,1178,"49A",1,"0x365E",4,"UNS8","MotorName[20]","RW","电机名称"
1180,1179,"49B",1,"0x365E",5,"UNS8","MotorName[20]","RW","电机名称"
1181,1180,"49C",1,"0x365E",6,"UNS8","MotorName[20]","RW","电机名称"
1182,1181,"49D",1,"0x365E",7,"UNS8","MotorName[20]","RW","电机名称"
1183,1182,"49E",1,"0x365E",8,"UNS8","MotorName[20]","RW","电机名称"
1184,1183,"49F",1,"0x365E",9,"UNS8","MotorName[20]","RW","电机名称"
1185,1184,"4A0",1,"0x365E",10,"UNS8","MotorName[20]","RW","电机名称"
1186,1185,"4A1",1,"0x365E",11,"UNS8","MotorName[20]","RW","电机名称"
1187,1186,"4A2",1,"0x365E",12,"UNS8","MotorName[20]","RW","电机名称"
1188,1187,"4A3",1,"0x365E",13,"UNS8","MotorName[20]","RW","电机名称"
1189,1188,"4A4",1,"0x365E",14,"UNS8","MotorName[20]","RW","电机名称"
1190,1189,"4A5",1,"0x365E",15,"UNS8","MotorName[20]","RW","电机名称"
1191,1190,"4A6",1,"0x365E",16,"UNS8","MotorName[20]","RW","电机名称"
1192,1191,"4A7",1,"0x365E",17,"UNS8","MotorName[20]","RW","电机名称"
1193,1192,"4A8",1,"0x365E",18,"UNS8","MotorName[20]","RW","电机名称"
1194,1193,"4A9",1,"0x365E",19,"UNS8","MotorName[20]","RW","电机名称"
1195,1194,"4AA",1,"0x365E",20,"UNS8","MotorName[20]","RW","电机名称"
1197,1196,"4AC",2,"0x365F",0,"UNS32","EncoderDividedPulseOutputZeroDuration","RW","编码器分频脉冲输出Z 相持续时间"
1199,1198,"4AE",2,"0x3660",0,"INTEGER32","TorqueMaxRecordValue","RW","力矩最大记录值"
1200,1199,"4AF",1,"0x3661",0,"UNS8","IncrementalEncoderWireSavingType","RW","增量编码器省线式类型"
1201,1200,"4B0",1,"0x3662",1,"UNS8","LowFrequencyVibrationFilter1Type","RW","低频振动滤波器1类型"
1203,1202,"4B2",2,"0x3662",2,"UNS32","LowFrequencyVibrationFilter1Frequency","RW","低频振动滤波器1频率"
1205,1204,"4B4",2,"0x3662",3,"UNS32","LowFrequencyVibrationFilter1Bandwidth","RW","低频振动滤波器1带宽"
1206,1205,"4B5",1,"0x3662",4,"UNS8","LowFrequencyVibrationFilter2Type","RW","低频振动滤波器2类型"
1208,1207,"4B7",2,"0x3662",5,"UNS32","LowFrequencyVibrationFilter2Frequency","RW","低频振动滤波器2频率"
1210,1209,"4B9",2,"0x3662",6,"UNS32","LowFrequencyVibrationFilter2Bandwidth","RW","低频振动滤波器2带宽"
1211,1210,"4BA",1,"0x3662",7,"UNS8","LowFrequencyVibrationFilter3Type","RW","低频振动滤波器3类型"
1213,1212,"4BC",2,"0x3662",8,"UNS32","LowFrequencyVibrationFilter3Frequency","RW","低频振动滤波器3频率"
1215,1214,"4BE",2,"0x3662",9,"UNS32","LowFrequencyVibrationFilter3Bandwidth","RW","低频振动滤波器3带宽"
1216,1215,"4BF",1,"0x3662",10,"UNS8","LowFrequencyVibrationFilter4Type","RW","低频振动滤波器4类型"
1218,1217,"4C1",2,"0x3662",11,"UNS32","LowFrequencyVibrationFilter4Frequency","RW","低频振动滤波器4频率"
1220,1219,"4C3",2,"0x3662",12,"UNS32","LowFrequencyVibrationFilter4Bandwidth","RW","低频振动滤波器4带宽"
1221,1220,"4C4",1,"0x3663",1,"UNS8","Resolver1Channel1PolePairs","RW","旋转变压器1通道1极对数"
1222,1221,"4C5",1,"0x3663",2,"UNS8","Resolver1Channel1MultiplicationFactor","RW","旋转变压器1通道1乘法因子"
1224,1223,"4C7",2,"0x3663",3,"UNS32","Resolver1Channel1ExcitationSignalFrequency","RW","旋转变压器1通道1激励信号频率"
1225,1224,"4C8",1,"0x3663",4,"UNS8","Resolver1Channel2PolePairs","RW","旋转变压器1通道2极对数"
1226,1225,"4C9",1,"0x3663",5,"UNS8","Resolver1Channel2MultiplicationFactor","RW","旋转变压器1通道2乘法因子"
1228,1227,"4CB",2,"0x3663",6,"UNS32","Resolver1Channel2ExcitationSignalFrequency","RW","旋转变压器1通道2激励信号频率"
1229,1228,"4CC",1,"0x3664",1,"UNS8","Resolver2Channel1PolePairs","RW","旋转变压器2通道1极对数"
1230,1229,"4CD",1,"0x3664",2,"UNS8","Resolver2Channel1MultiplicationFactor","RW","旋转变压器2通道1乘法因子"
1232,1231,"4CF",2,"0x3664",3,"UNS32","Resolver2Channel1ExcitationSignalFrequency","RW","旋转变压器2通道1激励信号频率"
1233,1232,"4D0",1,"0x3664",4,"UNS8","Resolver2Channel2PolePairs","RW","旋转变压器2通道2极对数"
1234,1233,"4D1",1,"0x3664",5,"UNS8","Resolver2Channel2MultiplicationFactor","RW","旋转变压器2通道2乘法因子"
1236,1235,"4D3",2,"0x3664",6,"UNS32","Resolver2Channel2ExcitationSignalFrequency","RW","旋转变压器2通道2激励信号频率"
1237,1236,"4D4",1,"0x3665",1,"UNS8","InputShapingEnable","RW","输入整形功能开关"
1239,1238,"4D6",2,"0x3665",2,"UNS32","SystemVibrationFrequency","RW","系统振动频率"
1241,1240,"4D8",2,"0x3665",3,"UNS32","SystemVibrationDampingRatio","RW","系统振动阻尼比"
1243,1242,"4DA",2,"0x3665",4,"UNS32","ResidualVibrationRatio","RW","残余振动比"
24577,24576,6000,1,"0x4500",0,"UNS8","ControlCmd","RW","系统控制指令"
61441,61440,"F000",1,"0x6007",0,"INTEGER16","Abort_connection_option_code","RW","连接中断动作模式"
61442,61441,"F001",1,"0x603F",0,"UNS16","Error_code","RO","错误码"
61443,61442,"F002",1,"0x6040",0,"UNS16","Controlword","RW","402控制字"
61444,61443,"F003",1,"0x6041",0,"UNS16","Statusword","RO","402状态字"
61445,61444,"F004",1,"0x605A",0,"INTEGER16","Quick_stop_option_code","RW","快速停止操作代码"
61446,61445,"F005",1,"0x605B",0,"INTEGER16","Shutdown_option_code","RW","刹车操作代码"
61447,61446,"F006",1,"0x605C",0,"INTEGER16","Disable_operation_option_code","RW",
61448,61447,"F007",1,"0x605D",0,"INTEGER16","Halt_option_code","RW",
61449,61448,"F008",1,"0x605E",0,"INTEGER16","Fault_reaction_option_code","RW","故障动作执行代码"
61450,61449,"F009",1,"0x6060",0,"INTEGER8","Modes_of_operation","RW","运行模式"
61451,61450,"F00A",1,"0x6061",0,"INTEGER8","Modes_of_operation_display","RO",
61453,61452,"F00C",2,"0x6062",0,"INTEGER32","Position_demannd_value","RO","位置指令值"
61455,61454,"F00E",2,"0x6063",0,"INTEGER32","Position_actual_value_inc","RO","负载端位置当前值"
61457,61456,"F010",2,"0x6064",0,"INTEGER32","Position_actual_value","RO",
61459,61458,"F012",2,"0x6065",0,"UNS32","Following_error_window","RW","位置跟随误差阈值"
61460,61459,"F013",1,"0x6066",0,"UNS16","Following_error_time_Out","RW","位置跟随误差阈值时间"
61462,61461,"F015",2,"0x6067",0,"UNS32","Position_window","RW","位置到达检测窗口"
61463,61462,"F016",1,"0x6068",0,"UNS16","Position_window_time","RW","位置到达检测窗口时间"
61465,61464,"F018",2,"0x6069",0,"INTEGER32","Velocity_sensor_actual_value","RO",
61466,61465,"F019",1,"0x606A",0,"INTEGER16","Sensor_selection_code","RO",
61468,61467,"F01B",2,"0x606B",0,"INTEGER32","Velocity_demand_value","RO","速度指令值"
61470,61469,"F01D",2,"0x606C",0,"INTEGER32","Velocity_actual_value","RO","负载端速度当前值"
61471,61470,"F01E",1,"0x606D",0,"UNS16","Velocity_window","RW","速度到达检测窗口"
61472,61471,"F01F",1,"0x606E",0,"UNS16","Velocity_window_time","RW","速度到达检测窗口时间"
61473,61472,"F020",1,"0x606F",0,"UNS16","Velocity_threshold","RW","零速检测窗口(RPM)"
61474,61473,"F021",1,"0x6070",0,"UNS16","Velocity_threshold_time","RW","零速检测窗口时间"
61475,61474,"F022",1,"0x6071",0,"INTEGER16","Target_torque","RW","力矩目标值"
61476,61475,"F023",1,"0x6072",0,"UNS16","Max_torque","RW","应用力矩限制相对值"
61477,61476,"F024",1,"0x6073",0,"UNS16","Max_current","RW","应用电流限制相对值"
61478,61477,"F025",1,"0x6074",0,"INTEGER16","Torque_demand_value","RO","力矩指令值"
61480,61479,"F027",2,"0x6075",0,"UNS32","Motor_rated_current","RW","电机额定电流"
61482,61481,"F029",2,"0x6076",0,"UNS32","Motor_rated_torque","RW","电机额定力矩/推力"
61483,61482,"F02A",1,"0x6077",0,"INTEGER16","Torque_actual_value","RO","力矩当前值"
61484,61483,"F02B",1,"0x6078",0,"INTEGER16","Current_actual_value","RO","电流当前值"
61486,61485,"F02D",2,"0x6079",0,"UNS32","DC_link_circuit_voltage","RO","母线电压当前值"
61488,61487,"F02F",2,"0x607A",0,"INTEGER32","Target_position","RW","位置目标值"
61490,61489,"F031",2,"0x607B",1,"INTEGER32","Position_range_limit_Minimal_position_limit","RW","位置溢出最小值"
61492,61491,"F033",2,"0x607B",2,"INTEGER32","Position_range_limit_Maximal_position_limit","RW","位置溢出最大值"
61494,61493,"F035",2,"0x607C",0,"INTEGER32","Home_offset","RW","回零偏移"
61496,61495,"F037",2,"0x607D",1,"INTEGER32","Software_position_limit_Minimal_position_limit","RW","应用位置下限"
61498,61497,"F039",2,"0x607D",2,"INTEGER32","Software_position_limit_Maximal_position_limit","RW","应用位置上限"
61499,61498,"F03A",1,"0x607E",0,"UNS8","Polarity","RW","运动极性"
61501,61500,"F03C",2,"0x607F",0,"UNS32","Max_Profile_velocity","RW","应用速度限制"
61503,61502,"F03E",2,"0x6080",0,"UNS32","Max_motor_speed","RW","电机最大转速/速度(RPM)"
61505,61504,"F040",2,"0x6081",0,"UNS32","Profile_velocity","RW","轮廓速度"
61507,61506,"F042",2,"0x6082",0,"UNS32","End_velocity","RW",
61509,61508,"F044",2,"0x6083",0,"UNS32","Profile_acceleration","RW","轮廓加速度"
61511,61510,"F046",2,"0x6084",0,"UNS32","Profile_deceleration","RW","轮廓减速度"
61513,61512,"F048",2,"0x6085",0,"UNS32","Quick_stop_deceleration","RW","快速停止减速度"
61514,61513,"F049",1,"0x6086",0,"INTEGER16","Motion_profile_type","RW","运动轮廓模式"
61516,61515,"F04B",2,"0x6087",0,"UNS32","Torque_slope","RW","力矩上升斜率"
61517,61516,"F04C",1,"0x6088",0,"INTEGER16","Torque_profile_type","RW",
61518,61517,"F04D",1,"0x6089",0,"UNS8","Position_notation_index","RO",
61519,61518,"F04E",1,"0x608A",0,"UNS8","Position_dimension_index","RO",
61520,61519,"F04F",1,"0x608B",0,"UNS8","Velocity_notation_index","RO",
61521,61520,"F050",1,"0x608C",0,"UNS8","Velocity_dimension_index","RO",
61522,61521,"F051",1,"0x608D",0,"UNS8","Acceleration_notation_index","RO",
61523,61522,"F052",1,"0x608E",0,"UNS8","Acceleration_dimension_index","RO",
61525,61524,"F054",2,"0x608F",1,"UNS32","Position_encoder_resolution_Encoder_increments","RW","负载端位置反馈分辨率"
61527,61526,"F056",2,"0x608F",2,"UNS32","Position_encoder_resolution_Motor_revolutions","RW",
61529,61528,"F058",2,"0x6091",1,"UNS32","Motor_revolutions","RW",
61531,61530,"F05A",2,"0x6091",2,"UNS32","Shaft_revolutions","RW",
61533,61532,"F05C",2,"0x6092",1,"UNS32","Feed_constant_Feed","RW",
61535,61534,"F05E",2,"0x6092",2,"UNS32","Feed_constant_Shaft_revolutions","RW",
61537,61536,"F060",2,"0x6093",1,"UNS32","Position_factor_Numerator","RW","位置单位转换系数分子"
61539,61538,"F062",2,"0x6093",2,"UNS32","Position_factor_Feed_constant","RW","位置单位转换系数分母"
61541,61540,"F064",2,"0x6095",1,"UNS32","Velocity_factor_1_Numerator","RW","速度单位转换系数分子"
61543,61542,"F066",2,"0x6095",2,"UNS32","Velocity_factor_1_Divisor","RW","速度单位转换系数分母"
61545,61544,"F068",2,"0x6096",1,"UNS32","Velocity_factor_Numerator","RW",
61547,61546,"F06A",2,"0x6096",2,"UNS32","Velocity_factor_Divisor","RW",
61549,61548,"F06C",2,"0x6097",1,"UNS32","Acceleration_factor_Numerator","RW","加速度单位转换系数分子"
61551,61550,"F06E",2,"0x6097",2,"UNS32","Acceleration_factor_Divisor","RW","加速度单位转换系数分母"
61552,61551,"F06F",1,"0x6098",0,"INTEGER8","Homing_method","RW","回零方法"
61554,61553,"F071",2,"0x6099",1,"UNS32","Homing_speeds_Speed_for_switch_search","RW","回零搜索开关速度"
61556,61555,"F073",2,"0x6099",2,"UNS32","Homing_speeds_Speed_for_zero_search","RW","回零搜索零点速度"
61558,61557,"F075",2,"0x609A",0,"UNS32","Homing_acceleration","RW","回零加速度"
61559,61558,"F076",1,"0x60A3",0,"UNS8","Profile_jerk_use","RW",
61561,61560,"F078",2,"0x60A4",1,"UNS32","Profile_jerk1","RW",
61563,61562,"F07A",2,"0x60A4",2,"UNS32","Profile_jerk2","RW",
61565,61564,"F07C",2,"0x60B0",0,"INTEGER32","Position_offset","RW",
61567,61566,"F07E",2,"0x60B1",0,"INTEGER32","Velocity_offset","RW",
61568,61567,"F07F",1,"0x60B2",0,"INTEGER16","Torque_offset","RW",
61569,61568,"F080",1,"0x60B8",0,"UNS16","Touch_probe_function","RW",
61570,61569,"F081",1,"0x60B9",0,"UNS16","Touch_probe_status","RO",
61572,61571,"F083",2,"0x60BA",0,"INTEGER32","Touch_probe_pos1_pos_value","RO",
61574,61573,"F085",2,"0x60BB",0,"INTEGER32","Touch_probe_pos1_neg_value","RO",
61576,61575,"F087",2,"0x60BC",0,"INTEGER32","Touch_probe_pos2_pos_value","RO",
61578,61577,"F089",2,"0x60BD",0,"INTEGER32","Touch_probe_pos2_neg_value","RO",
61579,61578,"F08A",1,"0x60C0",0,"INTEGER16","Interpolation_sub_mode_select","RW","插值方法"
61581,61580,"F08C",2,"0x60C1",1,"INTEGER32","Interpolation_data_record_Data1","RW","插值算法参数 1"
61583,61582,"F08E",2,"0x60C1",2,"INTEGER32","Interpolation_data_record_Data2","RW","插值算法参数 2"
61584,61583,"F08F",1,"0x60C2",1,"UNS8","Interpolation_time_period_ip_time_units","RW","插值模式时间单位"
61585,61584,"F090",1,"0x60C2",2,"INTEGER8","Interpolation_time_period_ip_time_index","RW","插值模式时间指数"
61586,61585,"F091",1,"0x60C3",1,"UNS8","Interpolation_sync_definition_Synchronize_on_group","RW",
61587,61586,"F092",1,"0x60C3",2,"UNS8","Interpolation_sync_definition_ip_sync_every_n_event","RW",
61589,61588,"F094",2,"0x60C4",1,"UNS32","Interpolation_data_configuration_Maxinmum_buffer_size","RO",
61591,61590,"F096",2,"0x60C4",2,"UNS32","Interpolation_data_configuration_Actual_buffer_size","RW",
61592,61591,"F097",1,"0x60C4",3,"UNS8","Interpolation_data_configuration_Buffer_organization","RW",
61593,61592,"F098",1,"0x60C4",4,"UNS16","Interpolation_data_configuration_Buffer_position","RW",
61594,61593,"F099",1,"0x60C4",5,"UNS8","Interpolation_data_configuration_Size_of_data_record","RW",
61595,61594,"F09A",1,"0x60C4",6,"UNS8","Interpolation_data_configuration_Buffer_clear","RW",
61597,61596,"F09C",2,"0x60C5",0,"UNS32","Max_acceleration","RW","应用加速度限制"
61599,61598,"F09E",2,"0x60C6",0,"UNS32","Max_deceleration","RW","应用减速度限制"
61600,61599,"F09F",1,"0x60D0",1,"UNS16","Touch_Probe_1_Source","RW",
61601,61600,"F0A0",1,"0x60D0",2,"UNS16","Touch_Probe_2_Source","RW",
61602,61601,"F0A1",1,"0x60D5",0,"UNS16","Touch_probe_1_positive_edge_counter","RO",
61603,61602,"F0A2",1,"0x60D6",0,"UNS16","Touch_probe_1_negative_edge_counter","RO",
61604,61603,"F0A3",1,"0x60D7",0,"UNS16","Touch_probe_2_positive_edge_counter","RO",
61605,61604,"F0A4",1,"0x60D8",0,"UNS16","Touch_probe_2_negative_edge_counter","RO",
61606,61605,"F0A5",1,"0x60E0",0,"UNS16","Positive_torque_limit_value","RW",
61607,61606,"F0A6",1,"0x60E1",0,"UNS16","Negative_torque_limit_value","RW",
61608,61607,"F0A7",1,"0x60E3",0,"UNS16","Supported_homing_method[32]","RO",
61609,61608,"F0A8",1,"0x60E3",1,"UNS16","Supported_homing_method[32]","RO",
61610,61609,"F0A9",1,"0x60E3",2,"UNS16","Supported_homing_method[32]","RO",
61611,61610,"F0AA",1,"0x60E3",3,"UNS16","Supported_homing_method[32]","RO",
61612,61611,"F0AB",1,"0x60E3",4,"UNS16","Supported_homing_method[32]","RO",
61613,61612,"F0AC",1,"0x60E3",5,"UNS16","Supported_homing_method[32]","RO",
61614,61613,"F0AD",1,"0x60E3",6,"UNS16","Supported_homing_method[32]","RO",
61615,61614,"F0AE",1,"0x60E3",7,"UNS16","Supported_homing_method[32]","RO",
61616,61615,"F0AF",1,"0x60E3",8,"UNS16","Supported_homing_method[32]","RO",
61617,61616,"F0B0",1,"0x60E3",9,"UNS16","Supported_homing_method[32]","RO",
61618,61617,"F0B1",1,"0x60E3",10,"UNS16","Supported_homing_method[32]","RO",
61619,61618,"F0B2",1,"0x60E3",11,"UNS16","Supported_homing_method[32]","RO",
61620,61619,"F0B3",1,"0x60E3",12,"UNS16","Supported_homing_method[32]","RO",
61621,61620,"F0B4",1,"0x60E3",13,"UNS16","Supported_homing_method[32]","RO",
61622,61621,"F0B5",1,"0x60E3",14,"UNS16","Supported_homing_method[32]","RO",
61623,61622,"F0B6",1,"0x60E3",15,"UNS16","Supported_homing_method[32]","RO",
61624,61623,"F0B7",1,"0x60E3",16,"UNS16","Supported_homing_method[32]","RO",
61625,61624,"F0B8",1,"0x60E3",17,"UNS16","Supported_homing_method[32]","RO",
61626,61625,"F0B9",1,"0x60E3",18,"UNS16","Supported_homing_method[32]","RO",
61627,61626,"F0BA",1,"0x60E3",19,"UNS16","Supported_homing_method[32]","RO",
61628,61627,"F0BB",1,"0x60E3",20,"UNS16","Supported_homing_method[32]","RO",
61629,61628,"F0BC",1,"0x60E3",21,"UNS16","Supported_homing_method[32]","RO",
61630,61629,"F0BD",1,"0x60E3",22,"UNS16","Supported_homing_method[32]","RO",
61631,61630,"F0BE",1,"0x60E3",23,"UNS16","Supported_homing_method[32]","RO",
61632,61631,"F0BF",1,"0x60E3",24,"UNS16","Supported_homing_method[32]","RO",
61633,61632,"F0C0",1,"0x60E3",25,"UNS16","Supported_homing_method[32]","RO",
61634,61633,"F0C1",1,"0x60E3",26,"UNS16","Supported_homing_method[32]","RO",
61635,61634,"F0C2",1,"0x60E3",27,"UNS16","Supported_homing_method[32]","RO",
61636,61635,"F0C3",1,"0x60E3",28,"UNS16","Supported_homing_method[32]","RO",
61637,61636,"F0C4",1,"0x60E3",29,"UNS16","Supported_homing_method[32]","RO",
61638,61637,"F0C5",1,"0x60E3",30,"UNS16","Supported_homing_method[32]","RO",
61639,61638,"F0C6",1,"0x60E3",31,"UNS16","Supported_homing_method[32]","RO",
61640,61639,"F0C7",1,"0x60E3",32,"UNS16","Supported_homing_method[32]","RO",
61642,61641,"F0C9",2,"0x60E4",0,"INTEGER32","Additional_Position_Actual_Value","RO",
61644,61643,"F0CB",2,"0x60E5",0,"INTEGER32","Additional_Velocity_Actual_Value","RO",
61645,61644,"F0CC",1,"0x60F2",0,"UNS16","Positioning_option_code","RW",
61647,61646,"F0CE",2,"0x60F4",0,"INTEGER32","Following_error_actual_value","RO","负载端位置误差值"
61649,61648,"F0D0",2,"0x60FA",0,"INTEGER32","Control_effort","RO",
61651,61650,"F0D2",2,"0x60FC",0,"INTEGER32","Position_demand_internal_value","RO",
61653,61652,"F0D4",2,"0x60FD",0,"UNS32","Digital_inputs","RO","数字IO输入值"
61655,61654,"F0D6",2,"0x60FE",1,"UNS32","Digital_outputs_Physical_outputs","RW","数字IO输出值"
61657,61656,"F0D8",2,"0x60FE",2,"UNS32","Digital_outputs_Bit_mask","RW","数字IO输出掩码开关"
61659,61658,"F0DA",2,"0x60FF",0,"INTEGER32","Target_velocity","RW","速度目标值"
61660,61659,"F0DB",1,"0x6402",0,"UNS16","Motor_type","RW","电机类型"
61662,61661,"F0DD",2,"0x6502",0,"UNS32","Supported_drive_modes","RO","支持的运行模式"
